user_id,avg_engagement_score,avg_responsiveness_efficiency,refined_rcr
001575dd-6eb3-4302-9baf-8365607f523b,0.6136775058665773,0.02346041055718475,0.0
00267898-7d73-4e81-9531-db40e2b702a3,0.6465750363169069,0.006673340006673341,0.0
00294711-8a9a-4467-9dd9-c0c85420e9a1,0.7036093418259024,0.08058017727639001,0.0
0079c607-7df9-4b93-ad77-539fa31c5859,0.5514180355346967,0.08058017727639001,0.0
008b37a1-0da8-44d2-ac9d-b17693dfbe7a,0.4482065035199464,0.03755868544600939,0.0
00a7a1db-d128-492b-9249-5604bbf55f12,0.8797184042909822,0.08486562942008487,100.0
00f7f20e-d189-456b-8e9d-366b89e210ab,0.23220024583752374,0.03072196620583717,0.0
013a83bc-08ed-4307-9c66-468fdfa9ce73,0.4874108838976422,0.025364616360177557,0.0
01433c18-aee6-41ef-9367-73a29954612d,0.8020337467873506,0.05681818181818182,0.0
01502b7d-01b1-4e6a-bdc0-35fcaa2a3d4c,0.3872075092189072,0.09356045941411795,50.0
0186fea9-adb3-4db9-9e60-8aa59dab2cb0,0.4197429880433568,0.05141388174807198,100.0
0252e12d-7292-4bfe-8124-bc9a9b312951,0.5013968041121913,0.15094339622641512,0.0
02d365ea-cbeb-48dd-990a-d61e860a3057,0.48401385629679294,0.04278074866310161,100.0
02dcf48b-7bd9-4122-bc23-3aba436fc7e7,0.41014191529779864,0.006673340006673341,0.0
02df3990-b8af-4020-8baa-49a26baf9783,0.9087719298245613,0.1081081081081081,0.0
0319b8af-ad33-4ea5-a564-093bfa51ef2a,1.0,0.05044136191677176,0.0
039b3c1d-184c-4c6e-8fb0-7c3b8040b950,0.5888255671024696,0.05681818181818182,0.0
03a9ad90-3ffa-438f-a049-dcc440081474,0.6472455022907588,0.03300330033003301,100.0
040432c0-e6b5-4cfd-97bf-cda4c710d202,0.3993697619845793,0.06697923643670463,0.0
04213ecf-ce3a-4317-831d-2ac6132c9b0e,0.30482958989831266,0.05016722408026756,0.0
04b6b8e9-eb76-42f4-a687-3cca20f36384,0.39582970164264164,0.12376237623762376,0.0
050e890e-ca95-4cd8-8768-048080262945,0.579447983014862,0.08281573498964803,100.0
057fb8e0-af20-42ab-882b-e37cee439aa7,0.5183998212090737,0.04441154700222058,0.0
05e9c189-a9c5-437b-96d6-e0bb885dea2b,0.6408537266733714,0.02346041055718475,0.0
06310729-bc1e-4c62-9488-9ca4208eb047,0.5154318918314895,0.03300330033003301,0.0
065e6ffd-4d9a-4fa7-8774-ddf4d0ac4537,0.40749133981450447,0.04972650422675286,0.0
069cb34a-946a-4e45-a26a-d56822406d50,0.6011219130629122,0.1663893510815308,100.0
075bd229-f48d-4266-ae87-20014295118e,0.5723812716504638,0.08130081300813008,0.0
082affcc-4223-4e95-83ab-f0b8ab824a9f,0.6041568890378813,0.019860973187686197,0.0
087005b3-d36a-4d13-9f31-0a58af54923f,0.8567393004805006,0.04716981132075471,0.0
088aa852-5ae2-4ae5-99ec-76f7e04ed5b7,0.43610682757850044,0.05016722408026756,100.0
08b4832f-bbc6-4aa3-91e0-3668ca7920de,0.8182992513129959,0.02706359945872801,0.0
08fa6003-eee0-4c81-aa03-fa318a0facf9,0.31975863224941337,0.05016722408026756,0.0
090a1819-f4db-4fe5-9042-6847921791d6,0.4000759861437032,0.04160166406656266,0.0
0914c139-6489-46ff-8a3b-b1dac5596047,0.395963794837412,0.02346041055718475,0.0
098eb340-3d89-4c42-ac64-44cf1cb2e4d1,0.6973114314448543,0.04514672686230249,100.0
09a8ae73-3754-472f-a2e1-26157ce75478,0.25427198569672593,0.06971794431440806,0.0
0a2d290e-1d11-4f9a-a732-00eda3d47b2d,0.5132506425298916,0.05243838489774515,0.0
0a3c862e-3253-42b1-831d-93f9e86c629a,0.5950877192982457,0.14150943396226412,0.0
0a607343-4b31-4f09-a087-386e0afdebed,0.37979215554810597,0.05141388174807198,0.0
0a8140ec-2c25-4053-a589-c1cc5c0d68b1,0.8257637724885463,0.060836501901140684,0.0
0a95a49d-8630-4bec-837d-66a608204728,0.8998770812381272,0.024009603841536616,100.0
0b4af0bb-42af-4479-a964-1f963fe6f991,0.34093641747681314,0.02684563758389262,0.0
0bb24f41-6a78-4d64-ad8d-e502f6eb90e1,0.9379148508213209,0.057845263919016635,0.0
0bc015b0-b96e-4054-bb91-127bbbb06360,0.30558051178902673,0.006673340006673341,0.0
0bf8f689-b1d7-4e88-a222-a4135436aa67,0.7911364398256789,0.09302325581395349,0.0
0c0d267b-cdb4-44aa-825a-05fe28c39ca6,0.7789697172868477,0.060024009603841535,0.0
0c2661d7-d64b-4220-ba0b-560dedbe6ebc,0.5987171751033635,0.1081081081081081,0.0
0c7499df-8092-45c7-a511-9439406ab398,0.3722739970946474,0.19999999999999998,0.0
0c850d90-4039-4ac4-9654-1de83c78d7a7,0.10588445636383954,0.20100502512562812,0.0
0cfaab58-08cb-4b7c-a69a-919f9d97d9f7,0.5292122024807242,0.09448818897637795,0.0
0d1fbca5-adda-40c5-9e7a-2eb9adc61522,0.7025410660408985,0.05952380952380953,0.0
0d30efd3-5fc7-49d5-ad35-5f426f2eba2d,0.5792647223153425,0.07331378299120234,0.0
0d33254d-f641-4e7f-b3e1-f19cd74589c2,0.6795172644988268,0.06504065040650407,0.0
0dd0c326-f540-4efe-962f-e4421660295c,0.5018437814280925,0.09448818897637795,0.0
0e1b09ef-2d08-48e4-aece-cf2092392a33,0.4603642865124595,0.02699055330634278,0.0
0e6e8a9f-daa5-433b-bdba-ed66a2c22161,0.32025030729690473,0.19999999999999998,0.0
0ecda11a-0ead-4294-a788-6a291d92b9e5,0.6718739523969159,0.04566210045662101,0.0
0f1eb8e1-d338-449c-893c-b19d932af002,0.3352732148843447,0.09302325581395349,0.0
0f8642cb-0337-4ff8-b897-787820dae0b1,0.6468521622527658,0.0586940572267058,0.0
0f9f308d-ed00-415c-a3bd-19a866cb7065,0.5727522628226618,0.1663893510815308,0.0
106f668d-c47e-44e8-8251-82a713de884c,0.45902335456475585,0.08486562942008487,100.0
10d1b7a4-ca34-479a-86b0-b55ee0adf8fc,0.36401385629679295,0.06379585326953749,0.0
10d700d5-7d80-4970-a6d5-0279d4571b81,0.25687339367527096,0.056818181818181816,100.0
111a9e61-4f0b-43a2-85bc-ea9b42390f4a,0.6794323388088056,0.07331378299120234,0.0
113754e6-ec01-42c9-9abd-db64c5155223,0.47580288300368756,0.03755868544600939,0.0
11ae51ec-a39a-4483-a541-07ee563f11b9,0.3308391999106045,0.05243838489774515,0.0
11d645a6-c86e-4c1d-912a-5f6f423b8f2a,0.5279070287182925,0.10582010582010583,0.0
1211efe7-7b0a-4084-a330-a05a2107e765,0.5207956196223043,0.09900990099009901,0.0
12d73482-afd2-4dd4-a504-44b45094583f,0.47851603531120795,0.05865102639296187,0.0
13351a25-8991-41d6-a163-6d5a21eb5584,0.30661749916191755,0.021310602024507193,0.0
138e49dd-5bb6-4940-b6dd-8c69a62690e2,0.6728975304503297,0.006673340006673341,0.0
13eee918-8f00-4f21-a319-fb0caf745425,0.5518158453458488,0.08058017727639001,0.0
14020195-bd94-4f7e-8a89-3bdf33e6c542,0.48008939546318025,0.09900990099009901,100.0
145e701a-9085-4496-9b2d-5c7644892c2c,0.8385964912280701,0.09448818897637795,0.0
14a8e350-227c-4b18-8a69-5421ac23b9fe,0.3545289976533691,0.1095890410958904,0.0
14eb2f7b-4e91-4091-951a-f67b87c0c52c,0.36329869259135106,0.08915304606240713,0.0
15101668-5f47-4948-942d-b9b85dc06a05,0.48594479830148624,0.050652045457668576,0.0
1555ba12-7bcc-406c-9e0e-41a99af4e4e3,0.768792043803777,0.05865102639296187,0.0
157ca518-e87b-42ab-a754-8cdcbe226e3c,0.3180198904905577,0.10582010582010583,100.0
159c0665-af87-480f-b073-c36c031f5ac6,0.5492278466867807,0.08675934141772651,50.0
15a002bc-6a86-4344-ac74-509ef390161d,0.6845368197563975,0.021893814997263273,100.0
15fc0bcc-0016-4b8c-8ca7-ad6f56445e03,0.6370544194882111,0.06697923643670463,0.0
160c8d81-f5d0-4943-a293-45db2581d54b,0.3734853056207398,0.078125,0.0
160efadb-e095-472c-abf9-0c6feb6bb84c,0.6951167728237793,0.05681818181818182,0.0
163e0118-526e-4546-a6c9-92bdb3c86a77,0.6573605989496034,0.04132231404958678,0.0
17263984-6625-4082-85ba-0920a930b115,0.7956509107162811,0.1081081081081081,0.0
17571dfb-e204-4d62-9b37-71eead05355a,0.38867359481506314,0.03755868544600939,100.0
1762e189-244b-4cd6-9c85-d964e7485678,0.6995463180243603,0.05128026274037811,66.66666666666666
17697830-9bfe-4340-82fa-db91f06d1924,0.23693373561291767,0.023282887077997673,0.0
178f0292-0d34-4c65-b7e9-8f657abc8308,0.4433791485082132,0.05196767826301506,50.0
17f57e05-a059-4f96-9b22-0e8bf560a4d0,0.4171058218795396,0.046695143807849546,0.0
18271688-21cf-4623-8407-6ad1fb3bec54,0.594475360375461,0.02699055330634278,0.0
188e5d73-c1c5-4706-b3fd-3d6555d8ba01,0.8741356576153761,0.05044136191677176,0.0
18c1b036-9166-4aa7-a2de-7aacc990bdca,0.3221186724773718,0.060836501901140684,100.0
190585db-2ae0-4b19-8e3e-7dd86e7bdc0b,0.38229075874399376,0.04132231404958678,0.0
196b4451-5c6b-4e26-9f75-cb4af5fb35b6,0.5942384623980334,0.04950495049504951,0.0
1988e893-94e5-44c2-ae58-0cf1c9386d3d,0.19733601519722874,0.054570259208731244,0.0
19c621a1-305d-4846-b6f1-e9806e0ad9e1,0.32525645323499836,0.06684134768705666,50.0
19c75f7a-8e97-451e-8ed2-1ee00351d86c,0.9932908704883228,0.10582010582010583,0.0
19e57f1e-fdc3-4cec-a30b-8b5d1727fcbb,0.5058308190859314,0.02479851208927464,0.0
19eee11a-60ce-4f83-901f-dddc47ca236f,0.7191641524192647,0.04514672686230249,0.0
1a485f25-0e87-42e0-ae21-1ed4523a6412,0.2625008380824673,0.047244094488188976,0.0
1a8524a7-e313-4c20-a7cc-b586cff14ba2,0.5550877192982456,0.04972650422675286,0.0
1ae84a59-036e-4a62-9093-9b471ff7a2a8,0.5841412448318248,0.03992015968063872,0.0
1b45c892-335a-4092-87b9-6f9d291ff177,0.8631802436026372,0.05044136191677176,100.0
1b5bb963-3659-48ff-a328-1ae47a40c381,0.4844250754274221,0.032258064516129024,100.0
1b9c588d-b33b-40e5-94c2-960b18592736,0.47739859202145496,0.03811263731946058,66.66666666666666
1c68a39f-9b14-468b-bb65-3f628a9446de,0.6690222371214661,0.078125,0.0
1c6c2c3b-94f9-4e75-8257-2c61f0cf1dbb,0.5987976310202258,0.11188811188811187,0.0
1caac8df-79f5-4882-bede-d15783ddbf01,0.4960062576824227,0.15094339622641512,0.0
1d3ac614-91ea-4ae9-be64-5777d1e6cb2e,0.5213945692256118,0.05074437757364586,50.0
1d5131e6-0c20-4ddc-91a2-fb22195c2645,0.7201162141021344,0.09448818897637795,0.0
1d7500ef-8b35-4aae-87f1-0c153e83fd33,0.48289641300703995,0.03554502369668246,0.0
1d7f7dbb-15fa-405e-bf3e-21b047e9117c,0.5206659962006929,0.09208103130755065,0.0
1d84ce93-f9f5-432d-9a6e-1453d2a4de0e,0.8339926248742877,0.08336344310094194,50.0
1df16398-d6c2-4542-8a45-3728e2e99926,0.7803553469661415,0.060836501901140684,0.0
1f56d8a9-1700-4596-ba79-f3ebb9d430d9,0.5611263828360711,0.09900990099009901,100.0
1f6ba9a7-5d12-4ef9-aea8-b7556187d22f,0.4387842217007487,0.05952380952380953,0.0
1f725127-7cd9-4dc1-a374-315aeb0a6061,0.6672343278578613,0.060024009603841535,0.0
1f92af51-786e-450d-8b4f-8899c6901446,0.4461682869594369,0.09302325581395349,0.0
1fa7cba6-f411-4a4f-b4c0-afc082aba39e,0.4701709688233322,0.09471758042215361,33.33333333333333
1fe26800-ce77-4ca8-9c0d-6f4996e1e508,0.7480925243043915,0.05681818181818182,0.0
2051a145-7458-460f-b1e6-77f69546614b,0.9770700636942675,0.04011345835044334,50.0
20886e7a-dd40-4094-8f44-73fabf166edc,0.648809922896413,0.024009603841536616,0.0
21144366-feee-48ac-94db-5e301a9f73cf,0.7143323276343725,0.02346041055718475,0.0
216b3e32-e0fb-46f7-96e6-2ae0060cf0e8,0.3605721309643536,0.056818181818181816,0.0
219a2474-7aec-4c70-8ce6-33a7b6394d73,0.8299742988043358,0.11990407673860912,0.0
21a9dcb6-227f-4138-be36-fd59d409e3c4,0.2519432338808806,0.02684563758389262,0.0
229af5fe-126f-4358-88f2-ea7b1c7dd2d3,0.6470220136328082,0.06980802792321117,0.0
233328cd-7008-4330-ba3d-45abbd60bc80,0.5120348642306403,0.04972650422675286,0.0
23f82409-958c-41b7-bac1-34e99c5eb0fb,0.587135992848363,0.08058017727639001,100.0
23f85560-3534-40da-bebc-3c980726974d,0.6273594815063136,0.054570259208731244,0.0
2425d008-2e62-4903-b8d4-c81e9f7bb6cf,0.3964063023801543,0.06504065040650407,0.0
2453207e-0f44-4a24-9290-cc56cab96430,0.6061816962789139,0.03921568627450981,0.0
24b1e42e-4ff6-4c04-90fb-c45e2fc5674a,0.649529556375014,0.09408147352625307,0.0
2524b878-7a68-4d1c-b2aa-4ae445031636,0.3114448541736507,0.060836501901140684,0.0
25f86c8a-cb7e-4e69-a5cf-2aa9e490a795,0.6435802883003687,0.00630715862503942,0.0
2635405c-1d11-4a9d-ba1b-d20afe651773,0.7235087719298247,0.06914433880726016,0.0
264c18df-cf41-49fd-9bd9-9f17b9e68549,0.6497530450329646,0.06031363088057902,0.0
2672a254-66ac-4e4a-9eec-5195ba1f73f2,0.5147167281260476,0.03300330033003301,0.0
26c6bfab-f810-48f0-8e4a-774283f4f4db,0.38156218571907474,0.05044136191677176,0.0
26cc4b4f-fe7d-4502-aa0c-e72bb558e5ac,0.5034528997653369,0.028943560057887115,0.0
273bad05-c8fb-4eb9-b36d-01c96d4d856f,0.2817208626662197,0.08058017727639001,0.0
27932057-5b4a-4e17-9c8a-6a8d028c9803,0.4925466532573472,0.09448818897637795,100.0
279d2227-eab7-4d44-afa2-7404e7498247,0.6707118113755728,0.05959475566150178,0.0
2923b93b-34f7-4aff-81f8-5007fe1c8c67,0.5653637277908147,0.057142857142857134,0.0
29ea1c0f-7a04-4322-8879-b9293bfbcaad,0.5756978433344508,0.1095890410958904,0.0
29f8d7df-dfcc-458f-a54e-c630eb533249,0.8177271203486424,0.05655042412818097,0.0
29fd7a41-2c38-4517-a319-388d0412cedd,0.6902134316683428,0.060024009603841535,0.0
2a4bef3f-f0f2-487c-9eba-7788bc3ba861,0.19326852162252767,0.05649717514124294,0.0
2abf1173-862e-4dba-8a8b-1996e0c5fe61,0.38398480277125935,0.05016722408026756,0.0
2b13fa5c-317c-4e37-9c04-fea683d23f43,0.40955190524080903,0.06914433880726016,0.0
2b51e373-c366-4244-8963-bcc025ee1ec2,0.7237724885462063,0.02479851208927464,0.0
2b61ad53-20b8-41c1-9eb7-d7148e7da6d5,0.969511677282378,0.011792452830188678,0.0
2bb59834-b4e0-44a6-8c63-5f8888bff790,0.8800000000000001,0.020070245860511794,0.0
2c079f44-41c2-4aae-82d2-65e6bec17afb,0.460556486758297,0.00630715862503942,0.0
2c299b69-0f7f-4ad6-95f0-1179a3f95546,0.5419063582523187,0.057845263919016635,100.0
2cdfb9dc-978b-4ad3-952d-3b1d6027316a,0.456122471784557,0.05016722408026756,100.0
2d276ed2-96c3-4af7-b515-67f39aa7a551,0.45160353112079565,0.08486562942008487,0.0
2d3357be-f2d4-4617-bd49-f3feb9541c74,0.5742183484188177,0.26402640264026406,0.0
2d64f906-bd7e-4680-8a55-fb8d62cf3247,0.543072969046821,0.05649717514124294,100.0
2dbb77f8-4c26-4c62-8cfc-0ac588c93464,0.6715700078221031,0.1869158878504673,0.0
2e057172-8262-4916-aa28-49c463bdf3f1,0.6511878422170075,0.08207965015231082,0.0
2e0f72bc-29b4-4ac3-8a5e-aa0d10f332a9,0.6196759414459716,0.06914433880726016,0.0
2e51ba9f-e9bd-4e5d-940e-1763450684c5,0.3797385182701978,0.03755868544600939,0.0
2e520b9e-8583-4a4f-afde-9056bb910822,0.5139702760084925,0.0505369551484523,0.0
2f26d452-c6d7-466f-96d4-7d8f7a1d6a5f,0.9661146496815287,0.07331378299120234,0.0
2f3762da-19c1-4279-b11c-df995371b7db,0.7684746899094871,0.03755868544600939,0.0
2f3f1436-b450-4ba1-b62f-a9a9fa8a4125,0.5611219130629121,0.09445100354191266,100.0
2f690ff2-f2cb-46e9-912e-8b04bfa292a1,0.7637367303609343,0.04278074866310161,0.0
2febf085-4002-4aa5-93d4-19e9617a8fec,0.49363280813498717,0.04441154700222058,0.0
3025c6e1-e49a-4d3c-9a79-3a3f1500e2f0,0.36825567102469553,0.11990407673860912,0.0
304a68ef-7a74-4b2a-87aa-432df23ceffa,0.40486311319700524,0.020070245860511794,100.0
30589914-06c3-4b3d-bfaa-39f3c3031715,0.46551346519164155,0.05681818181818182,0.0
30734e2d-5777-4469-b9f0-a50381629fba,0.9298245614035088,0.12376237623762376,0.0
30cfe442-a24d-4883-ac7b-e3640844b00c,0.1479897195217343,0.09208103130755065,0.0
30fde534-9223-460f-8c77-0527b702c006,0.6863694267515925,0.06914433880726016,0.0
3110f4fd-0d9d-4a87-bcf6-2b634b615e4d,0.4349893842887474,0.11976047904191618,0.0
3119cca6-fdf8-416d-b0a1-d685179127da,0.5985741423622751,0.06914433880726016,0.0
315ea9c7-359b-41c2-849f-4984f5040220,0.7237724885462063,0.00630715862503942,0.0
3160da56-7f54-47cc-9a38-6854c86ea5c8,0.4444116661079451,0.06914433880726016,0.0
31d0e57b-2f73-49c5-8cda-9b1a7d4bf32e,0.5554318918314896,0.039810470808120876,0.0
320242db-eac1-4ca9-8527-61e9582b5776,0.5157179573136663,0.047244094488188976,0.0
322c5bea-a6bb-4e26-9210-9185d43dd91a,0.27479718404290987,0.060024009603841535,0.0
32458087-5e8a-4001-95cc-fe2d99c82549,0.3584623980332998,0.1663893510815308,0.0
328854d3-3e88-4fcc-af0c-b9e3607d51fe,0.7256408537266734,0.03755868544600939,0.0
32b6de12-931b-41ec-afb8-679a1a82a3f2,0.47051961112973517,0.023282887077997673,0.0
32d99924-39e4-477b-8d88-92d71ed084f4,0.47417588557380713,0.006673340006673341,0.0
330be30b-5374-4c5d-ab8f-3f8be0368a9d,0.5638529444630686,0.0505369551484523,0.0
331c2177-4a74-420b-9c97-4aadddbff2b6,0.9413118784221701,0.06379585326953749,0.0
331f232b-6b4a-4f7d-9372-90b198fcf2f9,0.4406212984691027,0.03857280617164899,0.0
33f92f41-7e4d-488d-b01a-f374ea6a9389,0.5082087384065259,0.20100502512562812,0.0
34a62cbb-9dfb-4de4-82f5-c87a4e2098b1,0.4457079003240586,0.19999999999999998,0.0
34ffbb27-0c26-4797-ae20-cae7d3b082e0,0.6123812716504637,0.04514672686230249,0.0
3538eabe-9ab1-4bdf-a465-5632e11d5ed9,0.5624986031958878,0.04716981132075471,0.0
3611d587-e0d1-4731-83ba-f5669238f0a8,0.15616940440272659,0.05319148936170213,0.0
36535db9-fcbb-42c5-ab71-f3ef49ed73c0,0.740887249972064,0.03921568627450981,50.0
375ad1a9-ba05-4a1a-9ae5-3a3d8ad59883,0.7069259135098894,0.09070294784580499,100.0
377833e1-caa0-4e53-a9bc-e203288a3004,0.5962006928148396,0.09302325581395349,0.0
378b8911-f398-4e80-ac6a-75a0ea5e3dec,0.7993518828919433,0.1869158878504673,0.0
382259d1-d6ae-4186-a3b4-b2b6df9d09d5,0.39498491451558837,0.15094339622641512,0.0
3891e03e-326a-47d7-9de7-f47e5c4dc707,0.6000893954631803,0.08486562942008487,0.0
38e2a162-063d-4131-bc77-70cff237a213,0.47579841323052857,0.03921568627450981,0.0
394e0f26-e465-4cae-be66-4a52f3975099,0.3667404179237904,0.15094339622641512,0.0
3989cf1e-e164-4726-a7f7-ff07f33494ef,0.6304838529444632,0.03303055326176714,0.0
39fd8892-6753-459d-8deb-e50cc8ac9d53,0.7878690356464411,0.1663893510815308,0.0
3a02c1d2-e880-4ecb-86aa-43151ebbebb6,0.92,0.060836501901140684,0.0
3a408eaf-7512-49d7-8162-f7304c8e5f48,0.21417812046038665,0.1663893510815308,100.0
3a72247d-fc06-4e21-8701-14c40c485b8d,0.8216962789138451,0.021893814997263273,0.0
3aac9e21-4bd1-468a-81db-d2815b96dd66,0.3904257458933959,0.15094339622641512,0.0
3b084f1a-428a-4c81-b313-a0dd1080bacd,0.5005967147167282,0.07331378299120234,0.0
3b0e1498-56b6-4b2e-8379-811065cad369,0.8461146496815287,0.02346041055718475,0.0
3b217315-254e-4615-b6ae-8bef79b0c140,0.6698312660632473,0.19999999999999998,0.0
3ba27a22-a81b-46b0-9495-cf749b6db905,0.6573963571348754,0.006673340006673341,0.0
3c2ca0b9-96d7-4253-97cf-2d699d4d87c1,0.6709844675382725,0.00630715862503942,0.0
3c8eb38e-1126-4f95-9914-98ff12249cdb,0.37979215554810597,0.06914433880726016,0.0
3cebe7c8-4298-4a94-b772-9a13d425cdb6,0.4201095094423958,0.06031363088057902,0.0
3d28f034-dee7-48e0-94ff-c852fa8468e9,0.3957045479941893,0.047244094488188976,0.0
3d318577-9bb0-47a5-abf7-e3f621ff4b7a,0.5376600737512571,0.078125,0.0
3d46c435-50c3-484f-84c3-8af236d0a169,0.773963571348754,0.031496062992125984,100.0
3d74264a-d081-43f2-af78-4ef25a282fdd,0.4447334897753939,0.1081081081081081,0.0
3d7d38aa-adca-484d-8298-cf8aaec241ad,0.39068499273661866,0.08486562942008487,0.0
3dab31c6-467d-4a48-982c-b13fa2300803,0.5061034752486312,0.025364616360177557,100.0
3db43f76-4726-46b0-9baf-1a7a75bc1a18,0.3424650798971952,0.025364616360177557,0.0
3e127cfc-3d58-45f5-ac02-ef97c28a7907,0.5451245949268075,0.08486562942008487,0.0
3e5a12bb-aed8-42aa-b7d0-4da2e6f2d1c9,0.42014973740082695,0.020070245860511794,0.0
3eb7dec8-47f9-4790-9825-33275de07f50,0.6673684210526316,0.02684563758389262,0.0
3f4e73b2-abea-42da-9539-aa13df93a168,0.28408090289417814,0.025364616360177557,0.0
3f9c7a27-5248-448e-bb49-990f05028097,0.6940127388535033,0.060836501901140684,0.0
3f9d39c2-08d7-470f-b3fd-cb8504e30724,0.865683316571684,0.011792452830188678,0.0
3fc7f754-9e48-4ce9-9bdf-324b3616c473,0.7684210526315789,0.06697923643670463,0.0
3fef4109-144e-4b9a-8f55-04fe9b77d4f2,0.8299251312995866,0.05649717514124294,100.0
3ff0c170-56f8-47bf-abcb-466be43ffb94,0.5928975304503297,0.11188811188811187,0.0
408e7304-caf8-41c3-a9d5-2735c45fe3c4,0.5241613588110403,0.02684563758389262,0.0
40dd2bde-327f-4b12-b070-1075e23f4d79,0.6864498826684546,0.006673340006673341,0.0
41c01c79-5fd1-49d0-9370-491b23ebf824,0.5637054419488212,0.03300330033003301,0.0
423261c8-b1f9-4bc6-9a52-a99474132e68,0.7614035087719297,0.05141388174807198,0.0
42b39a4a-3994-4f7b-b971-2edddd329c4d,0.3578276902447201,0.09448818897637795,0.0
42e84c4b-7311-4747-9303-8db3b92eb6e4,0.7311878422170075,0.08058017727639001,0.0
4353c531-a68f-483f-887c-5bd6cd9ed436,0.9071181137557269,0.08915304606240713,0.0
43a8e5e4-9e75-4656-8ccb-15d65e41ee3a,0.728063470778858,0.060024009603841535,100.0
43cf0733-a656-4e6e-9fba-eeed53a7b66b,0.6603911051514136,0.06914433880726016,0.0
43fa0af7-fc7e-4404-96b3-081607d0eca9,0.5573762431556599,0.032258064516129024,0.0
4405822a-f6da-46fe-bee4-844d7bf339f7,0.6793518828919434,0.04716981132075471,100.0
4415cbe6-0c35-42b4-bae3-251322929e92,0.7534026148172981,0.06697923643670463,0.0
449d7b6e-9c0c-4f85-98bb-19d44af58003,0.45138451223600407,0.0505369551484523,0.0
44c18d6a-4366-4d9b-a323-ccfee8fede6f,0.3978276902447201,0.024009603841536616,0.0
44dba456-c12c-4f5a-a670-c2a3cf039c70,0.14258129399932956,0.060836501901140684,0.0
45098cd2-050c-4ae1-a289-1f498b45462c,0.896842105263158,0.054570259208731244,0.0
4524b41a-0cda-4975-8047-7c8627e7a3ca,0.5744775952620405,0.057845263919016635,0.0
4563dbf6-ef68-4ba9-9525-ff38a883c07e,0.8028070175438597,0.06819857027529805,50.0
4659db69-091f-48ed-b624-5f0bc0b7477a,0.6872499720639178,0.03554502369668246,0.0
46712ae0-991d-4f5d-b5f0-6cb4afeda70c,0.5448117108056767,0.04716981132075471,0.0
46ea3dfb-82b1-4f26-aad9-923bc2a80a15,0.5063627220918538,0.0505369551484523,0.0
46ef6836-2806-4855-877a-7b85fc6a9d32,0.652484076433121,0.20100502512562812,0.0
4728ec3e-de6f-4e14-946a-c5c64df17e7f,0.6130517376243156,0.07331378299120234,0.0
47c850f3-1e6b-4242-997f-21d6dd741130,0.5473907699184266,0.08984838085730329,100.0
48133715-836b-4832-a942-66297dbd8dd7,0.8736842105263158,0.03303055326176714,0.0
484181a7-7eab-4524-b755-d921225fde07,0.4727544977092413,0.060024009603841535,0.0
486bd44b-7f07-45de-9ee4-7ee4ef6c3cf0,0.4365985026259917,0.025364616360177557,0.0
48ab9cc2-c367-4734-85ac-c95aa885f986,0.7964912280701755,0.1663893510815308,0.0
49341b27-ec82-4917-9e3a-11e215a59016,0.5577293552352218,0.02346041055718475,0.0
493c4e91-4edf-48a3-be75-76a7d676e8d7,0.772484076433121,0.04335837966759177,33.33333333333333
4954a003-e1c2-4d9f-96ca-a2b39013ab91,0.4127701419152978,0.08281573498964803,100.0
4962fabd-5b2f-4f31-a412-773160d5d3b5,0.459439043468544,0.011792452830188678,0.0
4993b026-fdfd-4956-ac30-b6926f20e400,0.6375058665772713,0.057845263919016635,0.0
4bc127e5-aeb6-43f7-8d0c-6ba45c987308,0.5507877975192759,0.03921568627450981,0.0
4bf2ac88-cff7-44f1-b3ff-b53af19f117c,0.7813923343390323,0.06731108757062147,50.0
4c443d20-0d57-4c1d-936e-17dae1da5b61,0.6156531456028607,0.11188811188811187,0.0
4cdcbddd-1c9e-4e18-87d0-03ed92a431af,0.43069840205609566,0.05243838489774515,0.0
4d480ac5-ea9f-4733-b8bd-d452e4e9c1f3,0.19978992066152645,0.052655208424833344,0.0
4d48e699-6fa2-46cb-b1fa-d7380d6b5a07,0.6531009051290648,0.12376237623762376,0.0
4d5d9631-15ce-49b3-8350-99adce739a5e,0.5874444071963348,0.02699055330634278,0.0
4d92638e-26d0-4ae0-bf48-5c05d2a314d3,0.364398256788468,0.09448818897637795,0.0
4dac9b3b-68cd-40b8-b455-5f22826dd0de,0.48870264834059673,0.02346041055718475,0.0
4e08231a-6a72-4aee-a5b8-1259dfd9167c,0.4394546876746005,0.15094339622641512,100.0
4e1c1401-bcf1-467a-a7cb-59d05777003b,0.5960219018884791,0.09448818897637795,0.0
4e3f4246-d67c-4053-8920-b771cb327965,0.4253838417700302,0.03794043061661922,0.0
4e48df27-b5cb-4298-97ce-f69f92ccb27f,0.4177807576265505,0.04716981132075471,0.0
4e4a8707-95e5-4595-aa92-e1e2e62a7985,0.5437747234327859,0.20100502512562812,0.0
4e7ea364-e917-49f7-9445-d48891e609f2,0.5214660855961559,0.11188811188811187,0.0
4eae442e-7fdd-4850-a222-042fd6bd5066,0.33432115320147504,0.019860973187686197,0.0
4eb51402-3da8-4347-b1ba-052c5ce6102c,0.47667895854285397,0.04803094194506474,33.33333333333333
4ec657f9-828e-4d2f-afe4-c8ea07af1131,0.7099117219801094,0.04514672686230249,0.0
4f0f705a-cd42-47c6-95e2-1751c129d860,0.3997675717957314,0.060024009603841535,0.0
4f2920f8-aa11-4eb0-acd3-ce423eebd768,0.8783774723432787,0.060024009603841535,0.0
4f6a6387-f1df-48f8-aeb3-b7800fa6389f,0.737181808023243,0.12376237623762376,0.0
4f7d4058-c6c8-4a2d-8c9f-db7f7ae43819,0.7391440384400492,0.04950495049504951,100.0
4fe1e2f0-2793-4a37-a96d-b66e6d19a0d3,0.5349379818974187,0.03300330033003301,0.0
5024d62e-c36d-4aaf-97da-bf3eec9530fb,0.40852832718739523,0.02699055330634278,0.0
5038a3c8-abff-4f53-a8f2-47001021f787,0.6050061459380937,0.15094339622641512,0.0
508edac5-ff3d-40e6-81d7-7fb78c0c8d6f,0.5927097999776512,0.02699055330634278,0.0
50d36a52-01a8-43f7-9f31-f4c8dea71049,0.38335903452899767,0.024009603841536616,0.0
50e94c98-ba73-40bb-acb0-be83b5649f9a,0.4625589451335345,0.006673340006673341,0.0
513e1a38-58ac-4794-80f7-1337ace6fb49,0.2971907475695609,0.09208103130755065,100.0
51b6e81e-0b0b-4051-9309-e6cfec1bb2d2,0.7403508771929825,0.05044136191677176,0.0
52235037-e517-4ac4-9c26-df374a47911f,0.5875740306179462,0.10582010582010583,0.0
522fb0e4-07df-41f0-9d01-00a0dd56c9b4,0.455013968041122,0.03300330033003301,100.0
5234b3eb-20dd-46e0-80df-3bb117cfcf4d,0.7096882333221588,0.057845263919016635,0.0
52cd122d-4484-46da-9803-758b06b63128,0.2772555592803665,0.09448818897637795,0.0
53050205-3c3d-4189-ab67-fa8caaad611e,0.6790792267292435,0.09302325581395349,0.0
545101b1-d0eb-4895-9f94-96e3451e31e1,0.58900435802883,0.05865102639296187,0.0
545714e3-3bc4-4a67-88f2-c94417153eef,0.211371102916527,0.06207331171898899,50.0
547bf36d-4332-46b1-a12f-393d87ac7a40,0.6736261034752488,0.12715735010266407,0.0
5562167b-160b-429f-8fdb-c0dd47c036b4,0.30710917420940886,0.05959475566150178,0.0
556924de-5623-409c-991a-25a584b8d620,0.2924393787015309,0.08486562942008487,100.0
55eb7187-5294-4a4d-a6de-94ff03d019ad,0.5648720527433233,0.03300330033003301,0.0
567038e6-82b0-45f9-9720-1560c57fdbdc,0.5145915744775953,0.04278074866310161,0.0
56cef295-ed5a-444a-bf7b-3933f3ff25e4,0.737981897418706,0.12376237623762376,0.0
56e0070e-845a-4212-92f0-a2cee0ef298c,0.8122695273214884,0.11188811188811187,0.0
56f4baa9-bcb0-4921-a213-f117a1ab3c8c,0.3689127276790703,0.19999999999999998,0.0
573100b7-503b-4a25-9bf7-89500383a89e,0.5739501620292771,0.10582010582010583,0.0
574e85ea-20bf-40cb-9a8f-c5749e7add8f,0.4199262487428764,0.031496062992125984,0.0
578d81e4-4d07-4f15-995f-8f6525ca7a4e,0.42086043133310985,0.021310602024507193,0.0
57a44bb6-a041-4a5b-bb01-b90fb14c235f,0.4066957201922003,0.057142857142857134,0.0
57e91d7d-7076-4b76-9e57-73368e5e6ac3,0.5932148843446196,0.0673622916389895,33.33333333333333
5801db7a-b2bd-4132-89c9-8afe683c4ae3,0.48978880321823665,0.05044136191677176,0.0
582644f2-7e1c-4058-9b77-df78998b2865,0.6075673259582077,0.060024009603841535,0.0
583f13b1-af4a-4d3e-88b1-b443fb3a52a7,0.2906514694379261,0.09193776520509195,100.0
5870a913-d4c7-4e39-8fbf-8336a22421f3,0.37549670354229525,0.021310602024507193,0.0
599712fc-ab73-4325-a235-a7d757947ce2,0.32144820650352,0.02699055330634278,0.0
59b3037b-e673-4e85-9d03-99c3f7e2962c,0.26156218571907475,0.20100502512562812,0.0
59da74fc-f260-4480-93d8-5aacbc3fb68d,0.4031243714381495,0.08486562942008487,0.0
59e8c74d-b490-4f9c-829b-7db400045cd9,0.34630908481394573,0.03554502369668246,100.0
59f42f4b-ae68-4e3a-8104-ec025c5c9841,0.17350765448653482,0.07168939563305761,50.0
5aa01571-c7f4-4abb-a742-8aec21bbc111,0.5019868141691809,0.05952380952380953,0.0
5b5762f9-f2a7-4c45-bfbf-e690ad063000,0.5612560062576825,0.04459308807134895,0.0
5b90dd32-c779-43b9-bdd8-f93addda73e2,0.7386970611241479,0.00630715862503942,0.0
5b9642d4-5b60-49c9-9291-ed0769c36720,0.6863560174321153,0.006673340006673341,0.0
5bb52d27-9efd-4795-a9e6-32428063459e,0.5411777852273998,0.07331378299120234,0.0
5c7debdd-79d5-4a67-bc52-d27c07ca8bcd,0.41335568219912844,0.021310602024507193,0.0
5ca6d884-e244-469d-820c-3168c19c0f4c,0.6256564979327299,0.06697923643670463,100.0
5d6ee8d9-45b2-4089-a2d1-eda0f269fea6,0.20529221142027043,0.12358490566037734,50.0
5d8022cb-348d-4709-86ee-f58babd3af63,0.5759079226729245,0.05016722408026756,0.0
5d90e1bb-b189-4d3d-90e8-f756212bc2e9,0.5186188400938653,0.09900990099009901,100.0
5e16a83b-29b0-49ea-b011-3403df87c668,0.6149335121242597,0.03262642740619902,100.0
5e1bf4a0-cb80-434a-b52f-0af97fb2f7f4,0.5355145826349312,0.060024009603841535,0.0
5e900555-b087-4805-864b-46ac4c05e56c,0.4955548105933624,0.032258064516129024,0.0
5efe28bc-6684-49c5-8910-fdad42e6bbcc,0.3881461615822997,0.11990407673860912,0.0
5f631cf0-bd0a-4b05-aedf-0dada0ecaf78,0.8068164040674937,0.025364616360177557,100.0
60221a2c-95da-410f-8659-4b58fb3618b3,0.514090959883786,0.00630715862503942,0.0
60b4df4d-4848-4a0f-9971-85ce0a8681ad,0.5453883115431892,0.06697923643670463,0.0
60d631f7-0bb3-408f-bba9-53cab23f584e,0.6014303274108839,0.02969561989606533,0.0
613f97fc-da91-4554-ba31-55f316f0c6a3,0.5623689797742765,0.03303055326176714,0.0
617560c9-6b91-4541-a836-524ab5906397,0.7995753715498939,0.08130081300813008,0.0
617f206e-80e6-4a3a-a3cb-c7c364b55e0a,0.7483651804670914,0.09445100354191266,0.0
6186be33-a11b-4d57-b91e-955cfba20185,0.34765001676164936,0.05655042412818097,0.0
61c21cf5-667d-47bf-a1d8-3a874010ef0e,0.6482824896636495,0.02346041055718475,100.0
61c41dad-cd17-47a1-adaf-8002d8175edc,0.8051715275449771,0.10884857460199926,0.0
623d57ae-8ab7-47e3-aae8-52c204907b11,0.6631578947368422,0.12376237623762376,0.0
623dfbbc-a001-43d2-8ff2-8dba1a9f3642,0.4631400156442061,0.07331378299120234,0.0
62aa221f-4b6d-400c-9269-473cfa83f13a,0.6671047044362499,0.03992015968063872,0.0
62b03c93-6e3d-4a27-93e9-166854d282b6,0.7465638618840094,0.08058017727639001,0.0
62b8ed3d-f1be-4961-96e1-17c5d73a1d96,0.37406637613141136,0.020070245860511794,0.0
62d58e69-c615-421a-ba77-8919db632470,0.6662912057213096,0.1663893510815308,0.0
62da61d6-adca-41b0-92f5-efa75fdd2d4d,0.7451782322047156,0.1095890410958904,0.0
62db03f0-d865-4ae0-b268-89f938a0acaf,0.6427801989049056,0.06697923643670463,0.0
62f7ba67-8b47-4ae3-9041-5a9bb7a0dd22,0.39497150519611135,0.09208103130755065,0.0
634c8d1e-e5c1-408e-b8e9-9fa69cedc903,0.4282266174991619,0.05952380952380953,0.0
634cd82f-aaa2-4f8e-ba5e-ee00f683c70d,0.6578031064923455,0.1663893510815308,0.0
639875dc-6ab8-44cd-8914-9aa9f528467f,0.7766454352441614,0.0505369551484523,0.0
64a440a7-52da-45a8-89ba-437729d8c380,0.5611129735165941,0.019860973187686197,0.0
64b4f784-4cbe-4a97-88dc-04d1fe3444f7,0.15161023578053415,0.010438413361169102,100.0
65391381-8dcf-467d-b980-39383be7d9c8,0.3936037546094536,0.021310602024507193,0.0
653bf92c-ee60-4bae-95b6-dc1e074c773a,0.5519544083137781,0.03857280617164899,0.0
65963bfa-97ad-4be9-8784-afb13b9f508f,0.4404380377695832,0.060836501901140684,0.0
65fa7137-28bb-439c-8bf2-47b64c6f1676,0.6360353112079563,0.03992015968063872,0.0
66c86cb6-77cb-400a-a61a-c7326ea777f5,0.6481573360151973,0.0586940572267058,0.0
6736f411-9eca-4995-8437-4d0edae871c9,0.4307788579729579,0.08281573498964803,0.0
6740c7eb-31e2-475b-bc71-6ae9bedd42b4,0.4031064923455135,0.03921568627450981,0.0
6773143f-00ae-4bcc-b71b-cbf31f712b13,0.49036540395574924,0.0505369551484523,100.0
67c372fa-f37f-4b3f-b139-0bce52c9305e,0.4866957201922003,0.04514672686230249,0.0
67ebfb6c-c20b-4690-8a8f-2d170f56be34,0.5525801765560399,0.1219833260201843,50.0
680509c3-986b-4876-b97c-b4eed86f4475,0.1543367974075316,0.06379585326953749,0.0
68291118-ea2f-414a-998c-b37791c57985,0.5987976310202258,0.1081081081081081,0.0
68669e04-1c73-45da-a712-94ffe16f8fc6,0.8559392110850375,0.05016722408026756,0.0
68a0e599-3f99-4752-a3f3-5f2c69f29444,0.7033903229411108,0.11188811188811187,100.0
68f3fda7-157e-4116-8991-64173c7f963c,0.4775729131746564,0.060836501901140684,0.0
6954543d-a6c1-42f1-a546-23fcac67e4d6,0.7626058777517042,0.15094339622641512,0.0
69a2964a-06e4-4a68-ba14-d79ec95b7b7b,0.4427533802659515,0.07576972487347283,0.0
69a317d0-6d91-416e-8a81-4180129c8d93,0.29473237233210414,0.05959475566150178,0.0
6a03f86d-fd64-412b-8ed6-5df3da869037,0.6721019108280255,0.05016722408026756,0.0
6a2db073-fb15-44c2-86ac-52043a6d3398,0.9668789808917198,0.15094339622641512,0.0
6a8533c4-ad9b-45ea-9604-e532f5c9b325,0.5436495697843335,0.09900990099009901,0.0
6ad2abef-630f-44b8-830f-a4cf89c6dc7b,0.7483651804670914,0.06697923643670463,100.0
6b0cdf79-938d-485f-9ace-5f5f15bb7684,0.8004693261816962,0.028943560057887115,0.0
6b1f9f64-e657-4ac0-8d98-674d70a8a30b,0.38036428651245946,0.05959475566150178,0.0
6b555fb2-b44d-4a56-a93f-24bd0bf44403,0.5789518381942117,0.057845263919016635,0.0
6b5b2ec9-cd4e-4b8c-93f2-82ad08c25e43,0.6881081685104481,0.03755868544600939,0.0
6b6a72c2-0051-4a5c-be95-406748a85ea3,0.8631802436026372,0.054570259208731244,0.0
6b8705fa-5fae-48e7-b8d6-1f5047dc1acc,0.6624561403508773,0.011792452830188678,0.0
6b8c6e8e-68c0-4df4-ba69-fed3838cba7d,0.7519365292211421,0.26402640264026406,0.0
6badf8b7-1910-4e96-a8da-1c49292eddb2,0.7335165940328529,0.021310602024507193,0.0
6bd597ea-a252-4e57-894e-f01803b71324,0.6146161582299698,0.08915304606240713,0.0
6c0a26b4-99ca-4cb4-8483-9df172b7efe9,0.7832741088389765,0.02699055330634278,0.0
6c45cbb1-7f6e-4b2b-abee-22d4f6716d93,0.5967862330986703,0.057142857142857134,100.0
6c77e70d-b950-4870-8552-51345afee575,0.5937065593921109,0.057142857142857134,0.0
6c7d8f9d-c126-4c21-b5ec-fb725b8581a4,0.28197563973628337,0.04716981132075471,0.0
6d6ee30d-90cb-46c0-b2bc-b768d2ac67f4,0.7942161135322383,0.02699055330634278,0.0
6de896d3-f7f8-45d1-8b27-d2d178555492,0.7306469996647671,0.09645335752244197,50.0
6e0808a0-d180-49af-83d5-c1e1bcfea2ea,0.5804223935635267,0.06914433880726016,0.0
6e5555ed-eb39-49a7-a561-2b3b7ec9b714,0.6794010503966924,0.19999999999999998,100.0
6e67711a-4de6-4068-8d08-a582bdc6db6c,0.5495496703542295,0.26402640264026406,100.0
6e6bbff9-0914-406f-ba87-1229b2f970bd,0.2989741870600067,0.10638297872340426,0.0
6e71cd70-ad18-4ec3-85c0-fe0bfdaa007f,0.48012068387529333,0.11990407673860912,0.0
6ec6409b-0e0f-4922-a442-79586b337c30,0.45626550452564535,0.04278074866310161,0.0
6f4564ae-278c-4215-afdf-7221d791f404,0.6004067493574701,0.10638297872340426,0.0
6f587098-cfe9-449a-b5d2-d78026b389cf,0.47870376578388646,0.05044136191677176,0.0
6f84079b-2137-49db-8da1-03a1eaa362ee,0.6764912280701756,0.023282887077997673,0.0
6fc8579b-cefa-4ce8-9f75-bcd9863734c6,0.6767504749133982,0.060024009603841535,0.0
702bc5da-aac1-40d0-8793-21aadd65c783,0.5914716728126048,0.08486562942008487,0.0
704f6569-7263-4490-9eda-ae15a8a8c94c,0.45549670354229527,0.05016722408026756,0.0
706b1459-82b8-42cb-a153-4e64a6c7cfb2,1.037452229299363,0.1081081081081081,100.0
709ce83a-6732-4bd0-b126-4bb8349dac36,0.7090669348530562,0.05243838489774515,0.0
70bc01d2-2cc2-49df-a15f-bb0403bc4a08,0.39583417141580063,0.04972650422675286,0.0
70f6a31d-bded-4191-a6da-4fd0534288fa,0.8558095876634262,0.09900990099009901,0.0
710d0ffb-04b4-4fe0-a747-900762f45d0b,0.3847804223935635,0.09448818897637795,0.0
713f5851-0d2f-4776-b8fd-e21376438aa4,0.6048854620628004,0.047244094488188976,0.0
71ace7a0-dd44-4cb8-a38d-0862d276122d,0.543868588669125,0.09208103130755065,0.0
726e9cab-2592-41b0-a58c-38028f718037,0.3753581405743659,0.02479851208927464,0.0
729a49ae-2687-4226-83b5-e36cff334566,0.3646217454464186,0.05170688507819335,33.33333333333333
72f26446-7e29-455a-8f99-7bdf3516b94e,0.8989473684210526,0.05016722408026756,100.0
736619ad-0cdb-4026-ab59-f8f0c2019635,0.44213655157000786,0.08058017727639001,0.0
737b5a43-11f3-482b-b40b-8fb58552e807,0.6906157112526541,0.09448818897637795,0.0
73c3b48d-a25b-4bef-b9cd-d02adb895e61,0.6465750363169069,0.02969561989606533,0.0
73d11f2f-56f9-437f-b720-bd5c2293c3a6,0.7340082690803442,0.021310602024507193,0.0
73d7e4dd-2674-4531-b025-472dbbfd1adf,0.8333713264051851,0.00630715862503942,0.0
7408a55e-deed-4a5e-9530-61b181780992,0.5470868253436139,0.03072196620583717,100.0
74199fe8-e8fe-45cd-a0eb-1a755f755840,0.5608090289417812,0.07954699579546995,0.0
742df1c6-e031-42e6-865a-d13705f771ed,0.1966163817186278,0.02699055330634278,0.0
742e42e3-2936-4ef4-b450-65390f06d578,0.7006145938093642,0.20100502512562812,0.0
7446bbef-dcac-4e28-a38c-7ba3d2133b12,0.5624673147837748,0.021310602024507193,0.0
7453f343-cd1d-4cb2-84e4-3b1da282e5db,0.41044585987261145,0.00630715862503942,0.0
74806482-a459-4c0f-b73c-3cce0597c185,0.24899318359593253,0.03186263326793509,50.0
74a215c6-74ff-4dff-ab85-a4a47686bc71,0.5965627444407197,0.15094339622641512,0.0
7552f255-115e-4e0c-9f62-3387165bee03,0.6072991395686669,0.03300330033003301,0.0
75670f7a-afba-4a3a-a7a3-354454e928c4,0.6690669348530561,0.08909090195585974,100.0
75977219-9e8a-4566-bcc3-5c6576bd4fa5,0.7522851715275449,0.023282887077997673,100.0
75a89e7a-64f6-4556-8ecd-75f0ed410864,0.3742049390993407,0.05649717514124294,0.0
75c93e70-8082-484b-a0b6-4ea590bddcb0,0.6389853614929043,0.078125,0.0
76165010-e162-4cd5-b20b-ded821b01ce5,0.6815286624203822,0.010438413361169102,0.0
762e07c1-572a-47cf-aff9-4f920dbf59fe,0.5460096100122919,0.02699055330634278,0.0
763e4084-3e7c-4a0d-9401-1be1a98962bb,0.15607553916638733,0.057845263919016635,0.0
7653644c-8393-4e6f-8260-dff120c99ca4,0.6883227176220807,0.0586940572267058,0.0
76c87e6a-5c4d-4071-ba98-cad75d3f7f0c,0.626416359369762,0.09445100354191266,0.0
77060dfa-9d81-461a-abe3-8e00a1df0dc0,0.7699899430103924,0.060024009603841535,0.0
77061740-c93d-43b8-a781-be68c1fc05ef,0.11267851156553806,0.08058017727639001,0.0
77169b4e-37e8-421c-b9cf-273d3c157c42,0.6963370208961897,0.04972650422675286,0.0
78493011-60bd-4f5c-9e42-a7c73b77e229,0.8024449659179796,0.037914691943127965,100.0
78ab008f-2dde-497d-81fe-a5b70f13b704,0.5797563973628339,0.07135544666955075,50.0
796cc761-2d3e-4c60-afac-ba0205186a7d,0.23564197116996313,0.023282887077997673,0.0
79981c75-673d-4046-b253-a30ee8b7d4c4,0.8809297128170747,0.04950495049504951,0.0
799f9c83-dcfb-42e0-a62c-527757c459f7,0.5113286400715165,0.02346041055718475,0.0
79acb9d2-0755-4a97-80a4-88e53674467f,0.3873326628673595,0.06379585326953749,100.0
7a27b4ef-a9fd-4686-ba64-9448401c36ac,0.7253324393787015,0.12376237623762376,0.0
7a9f4ac8-b57c-4c97-82e1-7fcecd176c15,0.4942049390993407,0.1663893510815308,0.0
7ab20106-b072-4987-b5d0-6521c20c5df4,0.43154318918314893,0.05655042412818097,0.0
7aea6ca8-f6d1-4adf-817c-647839d9198a,0.55742094088725,0.05141388174807198,0.0
7b12eb10-da03-4f67-b755-49c6226d80a0,0.2823064029500503,0.05016722408026756,100.0
7b80df97-acb4-43d0-b988-a81ad617ff25,0.8049972063917756,0.09900990099009901,100.0
7b8677fe-7990-4635-877b-d52f83b87399,0.5951458263493128,0.09448818897637795,0.0
7b976ca3-3047-422f-af4c-03cb17ff0a85,0.2753737847804224,0.06031363088057902,0.0
7bc1943c-a14a-4b38-b1f8-4afe19930b0b,0.6211420270421276,0.006673340006673341,0.0
7bcef0e5-7eca-4eed-96b9-e126fc6f381a,0.5833724438484746,0.05098245434024216,50.0
7bff4f32-fc61-4cc7-8a47-fb2f108690af,0.16988713822773496,0.08183268486956123,50.0
7c00a8fd-cb4d-48c6-8240-f17df484d14d,0.30255000558721645,0.20100502512562812,0.0
7c08b4af-6664-4d11-acea-38faaf242491,0.5845435244161359,0.06980802792321117,0.0
7cbd29cc-c7c3-41d2-9c35-5a35f9fd1e74,0.39055536931500723,0.025364616360177557,0.0
7cfe29a4-072a-4fa2-afd5-458b147880d0,0.759973181361046,0.00630715862503942,0.0
7d3b1c5a-b30b-4695-924e-5a2bec44e7c6,0.3212381271650464,0.054570259208731244,100.0
7d3c2dbe-22dc-47c5-9faf-6981fcf6c865,0.5837747234327858,0.09302325581395349,0.0
7d4b3a17-89ab-4bff-baab-c5b6ce963486,0.24462174544641863,0.060836501901140684,0.0
7da3b084-3559-4704-a23e-499219bc2f64,0.4103609341825903,0.15094339622641512,0.0
7ddca35b-2882-4c9d-84cf-0bec8cd04061,0.9330025701195664,0.08069653119158068,50.0
7de5c5d8-9698-45da-8c6c-f24c3319f908,0.623466309084814,0.08058017727639001,0.0
7ea4566f-7324-48fd-ad8e-e4e219f251da,0.5580914068611018,0.09302325581395349,0.0
7f06eda8-d84a-446a-9488-93cabcebbf59,0.5446686780645882,0.14326647564469913,0.0
7f61bacf-81ae-4ce4-9db7-107a89c2e4bc,0.7490803441725333,0.05649717514124294,0.0
7f84c3d0-14ed-4047-89ea-dd770fb0054e,0.48755838641188964,0.05655042412818097,0.0
7f9bcfda-5f88-4957-87e5-52149db076a1,0.4100882780198905,0.09452203434324817,25.0
7fa8b79f-275a-4a9d-a311-9f43c99ecad4,0.4713286400715164,0.09448818897637795,0.0
7fd10a4e-634a-4d6c-8d31-d86d08db3fd6,0.4006659962006929,0.03303055326176714,0.0
8058eea2-625a-4bc2-a30b-d3bf37bbbb1e,0.5331053749022238,0.020070245860511794,0.0
81757ef8-f391-4f89-8fa1-b366d5c56415,0.42103028271315235,0.03262642740619902,100.0
81f04311-280e-4cc2-9051-cc1e85a285e3,0.507524863113197,0.08486562942008487,100.0
81f51034-f5f1-4204-82c8-aed613a26891,0.47222259470331884,0.09051622534768602,0.0
82157b18-3aec-4a0f-a43c-99edc8ce9b1e,0.7834037322605878,0.08130081300813008,0.0
823c1086-d13a-49bf-883c-a3a27aac47cc,0.6504726785115655,0.078125,0.0
82413cab-0369-4258-b49b-2c39506a74fd,0.7931478377472344,0.00630715862503942,0.0
826862c1-3e22-4c66-8be3-25be40a02ee5,0.7245681081685105,0.03072196620583717,100.0
82916693-a48f-4d98-bdc6-3ea4bea3dad2,0.5332662867359481,0.020070245860511794,0.0
829a69a7-7303-454b-976d-2f1f9e62ed49,0.5794032852832719,0.05986333203328133,50.0
82b3d652-befd-4c98-9683-d88f60a6cda6,0.3208716057660074,0.06031363088057902,0.0
82c3be84-011b-43d1-9b7f-cf05c52c5674,0.6295898983126607,0.060836501901140684,0.0
82f77363-7c53-4d36-806d-9fc64e4f2e58,0.8699742988043357,0.05655042412818097,0.0
8308a4e8-d580-4291-b737-53283e81eb3b,0.7752195776064366,0.08915304606240713,0.0
831d86ed-523b-4e06-8a44-377d9687a467,0.31961559950832497,0.1095890410958904,0.0
832ae5e5-0057-4bbc-b1d3-d9bd73c1c9a7,0.5061526427533803,0.09900990099009901,0.0
83622181-0ef3-4fe7-b968-2da786d94446,0.34634484299921786,0.05016722408026756,0.0
837748f8-280b-4951-a486-4d5cbcbc08a5,0.30258129399932954,0.06914433880726016,0.0
8421483d-722d-4204-aefa-ef420348007a,0.21864342384623983,0.025364616360177557,0.0
848029f2-0d50-4e0b-845f-77adb1aa84f1,0.7831310760978881,0.03857280617164899,0.0
84f67894-af25-4381-a2a0-2976a166a1cb,0.8330986702424852,0.04950495049504951,0.0
852061a1-65ee-44c4-9e31-4f4ace907205,0.6581562185719075,0.02346041055718475,100.0
854ac136-6fad-425a-93d4-3ee39280fa5f,0.48418817744999443,0.04441154700222058,0.0
85c3f6fa-8e2c-48d6-9188-edb298f2a217,0.522225947033188,0.06914433880726016,0.0
863ec32d-c656-40f2-a19a-08d2c3a6629e,0.5158475807352778,0.14326647564469913,0.0
869bea42-b212-41a5-b058-ea3fd7cb7932,0.4390881662755615,0.04278074866310161,0.0
86c68273-61c6-4e00-ae30-402f41843c92,0.6433567996424181,0.02699055330634278,0.0
86e9f06f-e536-4fc1-8364-140a21865dc7,0.6838529444630685,0.08058017727639001,0.0
86f93c64-b099-404c-8a0f-55bde458d107,0.7389697172868478,0.03630619121922556,0.0
87047d19-2601-4847-9e8c-20f8cc6bfa3f,0.7684612805900101,0.021893814997263273,0.0
872ffb52-1c8f-4b72-b220-45eb86a99a66,0.7297664543524417,0.006673340006673341,0.0
87310c0b-0328-4b32-a052-185861806257,0.6221253771371102,0.01657639810446602,50.0
8784a8ab-f338-44d7-b96f-480b0b0b7e04,0.5822550005587217,0.024009603841536616,0.0
879234cd-0ad8-4665-a3ca-094be4b18757,0.7644876522516484,0.025364616360177557,0.0
87b91998-8941-4229-994d-18479223b7a2,0.5399307185160354,0.03921568627450981,0.0
87be699e-4280-4538-8003-dad890a88bd8,0.31712593585875515,0.15094339622641512,0.0
87c3496f-a900-4dc5-8b77-e3ebe56ca823,0.49049949715051966,0.02346041055718475,0.0
87cb1104-9ab8-4f18-842d-2a45f696f528,0.896842105263158,0.054570259208731244,100.0
88943f33-ed90-42e5-9d57-cd1f66ed3e61,0.5352419264722316,0.09900990099009901,0.0
88d1c1cf-914b-4692-b3a6-05f7f03e3679,0.7505955972734384,0.09302325581395349,0.0
88e86d08-b8d4-4f47-9fb3-17231badf68d,0.6492077327075652,0.023282887077997673,0.0
88f8bc59-ca3f-4d68-957d-8edfebb24a9e,0.6773270756509108,0.08486562942008487,0.0
8933a726-cc32-4fc2-8aa5-ad87a13993c5,0.2806481171080568,0.03992015968063872,0.0
89abb104-d5f7-4156-9dc5-137b61ef862b,0.6691473907699184,0.15094339622641512,0.0
89afa9da-7036-4bb4-890c-b5dae22930f8,0.6157023131076098,0.12376237623762376,0.0
89fcf69a-824f-42a9-8edb-0fd7963e8301,0.4268856855514583,0.060024009603841535,0.0
8a2667b1-9635-44bb-bde9-3caaf25a95f4,0.7151100681640408,0.04975745767107025,0.0
8a3b0015-fc95-443c-a429-782e7ab962e0,0.5088613252877416,0.05839298032046675,66.66666666666666
8a639d87-79f7-495f-a90a-3b57a2109f77,0.7415532461727568,0.05226896094135701,100.0
8b647c66-034f-4520-8415-07b0ebb4a3b3,0.4486713599284837,0.056818181818181816,0.0
8baf5790-9c37-421b-abb9-d5adb14d4830,0.5572689685998435,0.10638297872340426,0.0
8bfd607a-5b46-427b-9ae8-207edcaefa1f,0.19577159459157448,0.05044136191677176,0.0
8c13bed6-8d2d-4d2f-a488-91e0b5834180,0.22875405073192537,0.09208103130755065,0.0
8cf88b69-2b42-4039-a4ce-6373be5e0eff,0.754520058107051,0.03072196620583717,0.0
8d13f143-7528-4776-9074-846e7370330c,0.49670801206838755,0.03755868544600939,0.0
8d15951b-098b-4166-9c5f-4ac82246f649,0.4053547882444966,0.1663893510815308,0.0
8d74d521-a85d-4f65-a486-4b5a97ca58ce,0.497248854620628,0.060836501901140684,0.0
8db07c05-6f1e-4cc9-8cc4-cccb791ad2f1,0.7353000335232986,0.05243838489774515,0.0
8e3b028c-c75a-4f9f-8ec5-1bf936b111f2,0.6859537378478042,0.05456770957173878,50.0
8e54a31a-3673-4307-9643-a67de58f995b,0.6261526427533803,0.021310602024507193,0.0
8e80eeb1-a7da-4a6b-b4d6-d062eb9683b9,0.6801966700189966,0.1081081081081081,0.0
8f0b3165-2eac-4eda-8db0-988921ccd2ee,0.48213208179684885,0.05333271468415382,50.0
8f2c1904-7a92-460a-98cb-a8dad4cd812c,0.5224986031958878,0.04132231404958678,0.0
8f51ac85-95ea-400f-94c8-25f628deb66d,0.33820985584981567,0.03303055326176714,0.0
8f7e5595-796b-4cfb-8d24-f19af6a62ffd,0.7365113420493911,0.05681818181818182,0.0
8f8c5c91-7a58-4e70-b2bb-6b0f94b1e061,0.8867359481506314,0.0505369551484523,100.0
8faab213-613b-46ee-ad07-f44ad434bd15,0.6915051961112973,0.025364616360177557,0.0
8fb777dd-445d-44b2-aca9-30691a2a90b9,0.5872700860431334,0.02346041055718475,100.0
905fa8ce-c508-483a-b41d-f34e178793ce,0.2391194546876746,0.060024009603841535,0.0
907264a3-d13e-46aa-a3b5-7a3d1b44ea55,0.44704883227176223,0.05016722408026756,0.0
9085fff4-912e-4da8-92f1-7a36d241a940,0.6547144932394682,0.05044136191677176,0.0
90a55c8e-8d3e-44f0-96d9-1bde9d13826e,0.4554475360375461,0.08058017727639001,0.0
9150d1f3-36c9-456b-b7c3-2cdb21a08c19,0.3256453234998324,0.15094339622641512,0.0
91aa6894-2f27-4fbe-8303-cf43cce7f1f9,0.44999441278355123,0.047244094488188976,0.0
91ca07d8-fc96-4565-86c5-2acb4c22473e,0.33632808134987147,0.02969561989606533,0.0
9211b9cb-91da-43ed-83f4-358edfcffdb6,0.31725555928036653,0.06697923643670463,0.0
92144180-bd12-49a8-a72e-45fc08bcc8e6,0.7873684210526316,0.05016722408026756,0.0
92207ad4-b7ad-4695-a522-b1bcae7c97c4,0.30589786568331656,0.05952380952380953,100.0
92890439-86ca-4d6d-9e14-2c861802ef25,0.4178254553581406,0.04972650422675286,0.0
92ca661d-eccd-425b-aeab-db3134815c88,0.5821298469102694,0.05959475566150178,0.0
930a51e9-1a76-484b-9a2a-62d4e6fafb07,0.33227399709464744,0.060024009603841535,0.0
9333ac9c-258a-43c0-a1c3-e5200445aec4,0.45269415577159466,0.054570259208731244,0.0
93a20aac-e550-493a-a447-d636f62968ea,0.4951435914627333,0.05655042412818097,0.0
93d1fae5-34e1-426f-b370-d31942193cda,0.5828852385741424,0.02346041055718475,0.0
93e1c50e-05c4-4db7-ae34-73570797c399,0.6182411442619288,0.20100502512562812,0.0
93f316e9-6eae-4055-bcc8-008513b01ab4,0.812046038663538,0.04278074866310161,100.0
942d59ce-5075-412d-9003-784f136ca49e,0.49403508771929827,0.05044136191677176,0.0
94953823-3331-4ae2-8af0-b334ab944ef6,0.32168510448094767,0.057845263919016635,0.0
952a5bbb-7582-4955-8eed-f50e3721292f,0.4191172198010951,0.06559236109014169,100.0
9530a61d-a988-42a8-b286-d945e2c8d155,0.5774768130517377,0.023282887077997673,0.0
95be7a8d-7792-475c-bc99-ffc491db9d25,0.6559615599508326,0.09900990099009901,0.0
96324329-d71e-4ab2-84dd-a98dd82f4108,0.635986143703207,0.04459308807134895,0.0
9655d075-d0ff-46aa-8a38-f3d30e5c61ae,0.6513174656386189,0.08058017727639001,100.0
965825f2-c857-41aa-95f8-4d87e0ed5b9f,0.8676008492569003,0.07331378299120234,0.0
96ba0630-d886-4fa3-88b3-f74b888ce744,0.7774052966811935,0.02346041055718475,0.0
975e611a-6583-4b04-bf33-c5568f53eeae,0.6548530562073975,0.05016722408026756,100.0
97b5818b-d306-42f4-92b6-8ab895fefc3d,0.786072186836518,0.10582010582010583,0.0
9829f14e-984f-40c3-a128-35a3157431ec,0.47780981115208404,0.0505369551484523,100.0
98d44ddb-ede6-472b-baf6-cdd50334d507,0.23924907810928597,0.047244094488188976,0.0
98f62a9f-ee84-4755-a218-e1c8a5b162f3,0.6985227399709465,0.08281573498964803,0.0
994df023-5823-45a8-b7bf-03998340b05e,0.48468432227064484,0.03300330033003301,0.0
996f96e3-08e1-49d9-8925-4237ed755db8,0.6999083696502403,0.02699055330634278,0.0
9a410798-8b66-4b6e-9915-31efe053693e,0.2622639401050397,0.02699055330634278,0.0
9a52370a-862b-407b-914e-0ea6a0bb2931,0.3011599061347636,0.04950495049504951,0.0
9a6be87c-2fe5-4a02-88a8-9987ff6e9df8,0.1662666219689351,0.04514672686230249,0.0
9a79025a-1c68-466c-b8db-480ad4746186,0.5532998100346407,0.05980938263267166,0.0
9aa86b7e-0320-48a6-8648-404787820edf,0.20846575036316908,0.06980802792321117,0.0
9aa9a992-8a05-43b0-9b22-e71cc96cab4d,0.7037523745669908,0.07258963015033194,0.0
9b646c32-8c22-417d-b65d-ebd729db7607,0.5712280701754386,0.02684563758389262,0.0
9b74531e-da37-4265-a240-919e0f5fd0e9,0.4418594256341491,0.1081081081081081,100.0
9b78910a-62f9-492d-9456-549725103a3f,0.5794837412001341,0.08915304606240713,0.0
9bd71822-00e8-4ded-b2f4-ae4753424071,0.5740350877192983,0.1081081081081081,0.0
9ca40bca-6062-41f9-a592-0c34f417d8fa,0.4820516258799866,0.057142857142857134,0.0
9cc000c2-6b64-414f-a465-ee2ecd26d22e,0.6701754385964914,0.08832861518007055,33.33333333333333
9cca1920-d621-44c5-bdf2-c503780bfa1e,0.5890222371214662,0.07251257206241513,0.0
9cdb062b-2a7e-41ff-8283-10d2834734aa,0.7483964688792044,0.04160166406656266,0.0
9cea806e-b316-4a41-a297-1b75c758d703,0.5396580623533356,0.20100502512562812,0.0
9cf11a04-f1e1-4f80-8dd3-514eaf4a1889,0.20014303274108838,0.09070294784580499,0.0
9d40f18f-2833-4efa-84f6-0fe6dc345e6a,0.09546988490334116,0.057142857142857134,0.0
9d735606-17cd-4643-8f71-b924c4914008,0.4614817298022125,0.04950495049504951,0.0
9d8819cb-8f6a-4f29-8fa9-f37599ed8ec6,0.7022371214660856,0.02346041055718475,0.0
9e30702e-ffc2-4331-8282-e03d1d6eca29,0.36476477818750697,0.00630715862503942,0.0
9e4816b6-e4dc-4855-9097-f918aeb75288,0.5605319030059225,0.19999999999999998,0.0
9e728e3f-f11e-428b-a6f8-d447bf8b7056,0.9322382389093753,0.09448818897637795,0.0
9e817dc4-0055-42ce-8c36-511fd3ec8a6e,0.23018884791596828,0.1081081081081081,0.0
9eb01f03-5543-45e1-b725-f1c54b6b39ae,0.4552240473795955,0.006673340006673341,0.0
9eb3847c-f3e3-46c3-88d3-28a1d7e71252,0.7805341378925019,0.1095890410958904,0.0
9edd8d98-9a53-4882-8ede-dfd1dab93cb3,0.485846463291988,0.09668995219393679,0.0
9f64766d-c9b3-4ace-8fe8-c8104995d2e2,0.37366409654710026,0.09302325581395349,0.0
9f66444d-931e-4a19-9999-b56615278e36,0.4409341825902336,0.04132231404958678,0.0
a0652390-3c0f-4c36-8d6c-7c85ce58baf7,0.9838596491228071,0.12376237623762376,100.0
a079e625-13e4-4df6-8ac4-9a68f90da617,0.34192423734495475,0.13724872959481946,0.0
a0cb26e2-1dc3-4c2a-bb7c-8dc33f2fcdb3,0.7887719298245615,0.08281573498964803,0.0
a266796c-6aef-49c0-a37b-825cdfba8396,0.8620628003128841,0.1869158878504673,100.0
a28e064f-a1db-4285-99fc-0632cc572b61,0.35439937423175777,0.021310602024507193,0.0
a32572f9-74d9-48a8-9eb0-6528e76de316,0.4710470443624986,0.057142857142857134,0.0
a3cca058-c5ef-4819-9b12-9840f188369e,0.9974522292993631,0.04716981132075471,0.0
a3f21494-b262-475a-a891-4862d002a6c8,0.6498379707229858,0.025364616360177557,0.0
a4294fea-73ad-44b2-bce6-cfe8dbc8fcc1,0.5313040563191418,0.032258064516129024,0.0
a43fc292-9624-43d3-9c64-3f674774a2a2,0.5776511342049391,0.06697923643670463,0.0
a462eb2f-2c59-4731-9898-bf6266a4c47f,0.7060230193317689,0.021310602024507193,0.0
a474e48d-7de0-445b-8989-0626e7f05227,0.75076991842664,0.1081081081081081,0.0
a52dde90-0859-4714-8a86-21ccd3131dea,0.3878288076880098,0.03300330033003301,0.0
a5303e6e-13f6-45c0-883d-306393f0174a,0.38001117443289756,0.06914433880726016,0.0
a560514a-3471-4fda-ba56-33c5758c1f64,0.6773449547435467,0.06611795227763097,33.33333333333333
a5bcd695-48d7-4eca-a701-7a4f112b42ab,0.580520728573025,0.03755868544600939,0.0
a5d3d5fc-9313-429c-b49b-08b1a9705289,0.48186389540730806,0.04716981132075471,0.0
a6019798-09d0-4602-aefd-7742a83cc4b5,0.4685082132081797,0.08281573498964803,0.0
a66d82d2-be59-4378-97f8-07a1fc6830d6,0.6983797072298581,0.02699055330634278,0.0
a6fb3fa2-03f8-408d-94f6-6a45290b03af,0.6442149960889485,0.08281573498964803,0.0
a719d5f7-59e6-41b8-940a-fb6ad3608283,0.7208671359928485,0.09448818897637795,0.0
a71d8f1a-b5d8-4d20-bdf9-190a5e57c8d0,0.48709353000335237,0.020070245860511794,0.0
a72dcd87-ce5b-4135-930a-7582ed1ecec4,0.5334182590233546,0.060836501901140684,100.0
a798d3a9-5848-4723-9cc0-50c5054a9fa2,0.6282981338697062,0.04972650422675286,0.0
a7e7eed6-3929-4429-936d-ff8705d80be7,0.42440049167504745,0.14326647564469913,0.0
a8099914-7bb2-4899-a7c0-76266522b682,0.22030170968823332,0.06697923643670463,0.0
a8b50ea4-3fc8-4aca-9acd-293d6ed53f1d,0.6166454352441615,0.20100502512562812,0.0
a9122d02-463a-4d43-8a94-1bdc1e9bbd15,0.660931947703654,0.14150943396226412,100.0
a95f4c31-2d5d-4b27-81ca-1fc63a319203,0.7566744887696949,0.05865102639296187,0.0
a98a1c83-68b7-4a41-92cf-d467aa2d3aaa,0.4269482623756845,0.03300330033003301,0.0
a99b4dfd-f66a-4efd-a25d-0b94a9a0a812,0.2716236451000112,0.021893814997263273,100.0
a9a0c6c8-e309-42c3-ac97-e0ccd6b89762,0.471556598502626,0.11976047904191618,0.0
aa5be67f-ffdb-46d2-8312-44a5077c610a,0.18786009610012294,0.04950495049504951,0.0
aa8e14de-21bc-440b-b31f-b6ae7dcf8757,0.8137534920102806,0.08486562942008487,0.0
ab325248-4061-46ae-afe8-ea72a8ee2465,0.7313800424628452,0.031496062992125984,0.0
ab908b7c-11a4-4c62-b7fe-8b4c52c31056,0.4361872834953627,0.04132231404958678,0.0
abb2198d-2c65-4f79-aa8d-8f84d8d2db46,0.42438261258241144,0.023282887077997673,0.0
abf5ac61-339e-4584-a248-4f40254237b2,0.7328908257905912,0.03072196620583717,0.0
ac11945a-9ac9-4da3-b484-1d748ddcfff6,0.8023511006816405,0.1663893510815308,0.0
ac3606e2-c63b-4e6b-b0cf-144e648ec4ee,0.723276343725556,0.08281573498964803,0.0
ac566178-501a-4dff-aac1-1ad45df08313,0.6566454352441615,0.09302325581395349,0.0
ad10489f-bff2-434b-822b-c55294b35a9f,0.35511900771035865,0.04716981132075471,0.0
ad283b99-ac30-44af-9817-9785d6da6392,0.34698402056095656,0.06014651420539022,50.0
ad9a5b58-93d7-47ed-ba91-7c885af4ab32,0.33867024248519395,0.060024009603841535,0.0
addf762a-cadd-4ba0-9f30-e038a6bf328e,0.42117778522739974,0.05959475566150178,0.0
ae0a940d-ac33-40d4-87e7-0a61e8ca5606,0.23326852162252767,0.26402640264026406,0.0
ae2d7a15-1610-4cc7-a0e4-954ce710a0e7,0.23465415130182146,0.14150943396226412,100.0
ae3909b4-93cd-435d-9216-05d11cb4d431,0.2174946921443737,0.09208103130755065,0.0
ae836f32-8ee7-47a7-a6c1-c2a949bef3c8,0.29106268856855516,0.028943560057887115,0.0
ae99f8b2-de21-4ce9-afb6-8b770eec45c2,0.4966588445636384,0.05649717514124294,0.0
af2c937b-4408-454a-a64e-1644dfd65ad4,0.7333333333333334,0.09900990099009901,0.0
afddc49c-134c-43eb-8234-0be97c5e1a43,0.6182366744887697,0.08116473690244182,0.0
b024ecb1-0f2e-44d0-8934-05e1fd424fc6,0.24559615599508328,0.05243838489774515,100.0
b07a6f1c-7084-4ada-9a5d-a803f79235e3,0.3591820315119008,0.04972650422675286,0.0
b133048b-56ef-4c18-a5e2-e48792b4909b,0.5810571013521064,0.1095890410958904,0.0
b165ff67-9165-4291-a33f-72a0643f1ef2,0.880701754385965,0.060836501901140684,0.0
b16beffa-27e9-4cab-8975-d35d2e4049a7,0.5668342831601296,0.020953378732320588,0.0
b1927ac8-3575-41b2-b671-25c450cee7b5,0.5510112861772265,0.060024009603841535,100.0
b1aebb9f-d45a-4d0a-89d5-01b266efa750,0.626054307743882,0.04132231404958678,0.0
b1e0d16f-bc38-4b13-8c28-fb1675baf162,0.38108391999106045,0.006673340006673341,0.0
b2aae26c-d33a-4188-b623-3bedaf5285c0,0.48880098335009503,0.08281573498964803,0.0
b2c29c67-cc68-4e54-a546-acc51440cfbc,0.7503586992960107,0.08130081300813008,0.0
b328cc99-a835-4749-bb5c-d1a4859544a0,0.736149290423511,0.06980802792321117,0.0
b352790e-53cb-4a41-ac06-4794daba0884,0.4835713487540507,0.021893814997263273,0.0
b3d88f09-16f6-4e5f-94d6-519db7b726f4,0.7540417923790368,0.05649717514124294,0.0
b3e28b22-395d-4f60-999a-37234e0d7b51,0.609878198681417,0.06697923643670463,0.0
b452cdf7-5bb0-4c7e-851d-a446933e1beb,0.23586545982791374,0.08058017727639001,0.0
b4b36430-75f5-4438-b913-718130829c8b,0.22379260252542185,0.05649717514124294,0.0
b502f4d0-85e9-4e25-9966-827f3e0423f7,0.580212314225053,0.06697923643670463,0.0
b5453469-e29a-446b-8aa3-35dd93645cc1,0.3392915409542966,0.03921568627450981,0.0
b5494bda-3ec2-4710-98d0-3c3ebea2fd76,0.785316795172645,0.0505369551484523,0.0
b54bac70-0c74-49d9-a6df-b9ffa4471052,0.5248631131970052,0.08281573498964803,0.0
b5968c9d-c567-4d9a-8d70-49b2d14e5afa,0.837389652475137,0.06145123853734637,0.0
b60e32f5-65af-426d-a3b6-eb956839cf6b,0.5539166387305845,0.02346041055718475,100.0
b656e425-c34f-4434-8bd5-31c8dfe7ae6f,0.14620181025812942,0.04278074866310161,100.0
b67a8c7a-bebd-4bd2-a277-6a3e6b7d2fe7,0.7132640518493687,0.020070245860511794,0.0
b68becc8-2fa5-41e9-bc46-9a592a609e7a,0.9336730360934183,0.06573401854419882,100.0
b6c7a6aa-b1dc-4929-9773-433a167ef0e8,0.3523879763102023,0.057845263919016635,100.0
b775583b-bc31-40c0-b6ad-0b3c2e21c00d,0.5376600737512571,0.11188811188811187,0.0
b7bd9b0b-6790-49b8-9d8c-e289daf1ed46,0.6884210526315789,0.05952380952380953,0.0
b8263844-ba61-4029-8484-e42f700d64dd,0.6956978433344507,0.006673340006673341,0.0
b8eb99f3-f69a-42f7-99b8-aa2b85a0d48f,0.5098178567437703,0.04441154700222058,0.0
b90a24da-a2d0-4e00-a7b2-a01eead37782,0.550488322717622,0.031496062992125984,0.0
b915ec90-4d14-48b8-803c-7a2714a49949,0.5933445077662309,0.03992015968063872,0.0
b91c6820-2009-45f4-82ba-1d651a4e88a4,0.9017543859649124,0.00630715862503942,0.0
b9543091-6c59-449b-a7f1-be756a622a9f,0.25972510895072076,0.05649717514124294,100.0
b97b3b2e-90c6-48ea-9c34-0bb4db5dcb68,0.601796848809923,0.1663893510815308,0.0
b9992342-f94a-42e3-9efc-2f09f05f1997,0.10136998547323725,0.04716981132075471,0.0
ba11cf98-0710-457b-bdb6-7e696ebde55c,0.3824203821656051,0.006673340006673341,0.0
ba50bcd4-a38d-42ff-a621-7ec87e2d8f23,0.7066666666666668,0.14326647564469913,0.0
ba98f22d-cc88-49bf-89c2-963fcc9f4c0a,0.11585205050843671,0.02969561989606533,0.0
bab31911-49ab-411e-b19d-c971b0d1d955,0.8048050061459382,0.04278074866310161,0.0
baba247d-bd08-41c9-a093-aa8da24bc902,0.4990367638842329,0.1663893510815308,100.0
bacd43f6-cd7e-43f5-93a0-d1ef5618f832,0.3132327634372556,0.024009603841536616,0.0
bb003f3d-5f7c-400e-b993-f01a6c0e5e56,0.46350653704324507,0.028943560057887115,0.0
bb1e43e8-2e04-491d-80d7-95d7ef811256,0.4886579506090066,0.010438413361169102,0.0
bb1faa22-5639-444d-8146-e359a992d3eb,0.5175505643088614,0.05717458108203208,0.0
bb99c996-ba09-4f18-bf1f-ee1c1901b864,0.45175103363504304,0.05462515687528119,50.0
bbd18ccf-c856-4302-b4bf-8c6d93e7ecd1,0.7052631578947368,0.08058017727639001,0.0
bc1ee2e4-e0f2-4957-8f52-6669f152da9e,0.7894736842105263,0.02346041055718475,0.0
bc7228cc-2ad8-4f1d-99be-8eb884810342,0.9319298245614036,0.02346041055718475,0.0
bca113f3-282b-45b1-a436-c683d2b7b4c4,0.4801340931947704,0.054570259208731244,0.0
bce4f694-39cb-4f0f-8b0d-339db36a638d,0.4720885015085485,0.06379585326953749,0.0
bcef7db3-fad6-45bf-951d-f5238db8a958,0.8664968152866243,0.15094339622641512,0.0
bd4cdd31-a226-4735-aaad-a309ab4f4443,0.27358587551681757,0.03921568627450981,0.0
bd968f58-edcb-4716-b44d-1ce503306abf,0.5077572913174657,0.09900990099009901,0.0
bd9d6ab5-a7d0-4708-8524-ce4a14c4a396,0.4048094759190971,0.057142857142857134,0.0
bdb742bc-699c-4eef-b5ff-5510e3d740d9,0.4309531791261594,0.060836501901140684,0.0
bdc525e5-c260-442b-b612-4be9ba3b5287,0.7439311654933513,0.057142857142857134,0.0
bdd6fc77-0af1-45df-a17e-2e00c91a8c4b,0.5205721309643536,0.08281573498964803,100.0
be26bc37-5484-4ed4-bccb-6bdcd4932609,0.4530427980779975,0.020070245860511794,0.0
bebb04c4-f49a-406a-99cd-10a5ecddfd04,0.33731590121801325,0.1081081081081081,0.0
bec8cdeb-2366-4721-95cf-1dca0aa33a07,0.4521488434461951,0.021893814997263273,0.0
bf774efe-5bae-425c-9bdb-f643ca88215f,0.35734942451670576,0.02346041055718475,0.0
bfe5223b-0755-432e-ac51-e1e6bc770013,0.5348798748463516,0.09302325581395349,0.0
c0217b93-4836-40bd-9b8d-a770f2de7b53,0.4683204827355012,0.024009603841536616,100.0
c083fd57-be17-4cb2-b930-fea42dc523c0,0.6168957425410662,0.04132231404958678,0.0
c09c659e-2ae7-4cc0-87d9-209d01982d52,0.6208336126941558,0.05044136191677176,0.0
c0e6c134-cf1f-4660-a54e-36e2aa7448a6,0.3940015644206057,0.09900990099009901,100.0
c135517c-be51-43a0-9ca2-3d89c1b8a294,0.33361939881551017,0.05016722408026756,0.0
c137b04c-b426-466a-9579-15316659743d,0.18664878757403064,0.019860973187686197,0.0
c143fc9f-d4e7-40ba-92e6-3767ac558554,0.8882512012515366,0.02699055330634278,0.0
c1a5b385-353e-4a7b-a3ee-b2675bca8520,0.4510671583417142,0.078125,0.0
c254ab83-1213-4b94-a850-ecdee64d12f8,0.34518270197787465,0.08915304606240713,0.0
c27e7f50-aa7a-433e-a75a-7b65f68810b5,0.46520952061682874,0.15094339622641512,0.0
c2b225ee-04aa-4ae4-aff3-8a3df25741ba,0.9170857079003241,0.00630715862503942,100.0
c2bb1616-5482-4b4e-b3b8-9d48ad3e1da9,0.495764889931836,0.04716981132075471,0.0
c38b393b-3dc6-4585-9392-c74013b533b2,0.47717063359034534,0.08281573498964803,0.0
c38c7bde-cbc5-43d6-93b4-597d0c8bcfc2,0.5531657168398704,0.04278074866310161,0.0
c3bd54ab-408a-41e1-b35e-d06e6236b97c,0.6289373114314449,0.15094339622641512,0.0
c4172ffd-2702-4c2e-be58-136b88786270,0.27653592580176556,0.09208103130755065,100.0
c49d73be-1456-47cd-ae44-091dc80cc6f5,0.6134540172086267,0.05681818181818182,0.0
c4c7f2dc-634b-4e20-b107-cc5acffcad10,0.3817856743770254,0.03300330033003301,0.0
c51aeb26-c07f-4126-bf53-528ddc9484b1,0.36168957425410664,0.060836501901140684,0.0
c559175e-6677-4d21-93ae-fa0a63389730,0.3816247625433009,0.20100502512562812,0.0
c57e2126-f9d4-43e3-81df-757692cf5235,0.42797184042909825,0.04278074866310161,0.0
c59e8e47-3748-4753-bc29-66e62d762b7e,0.6802324282042687,0.07084190561913334,50.0
c69ad0de-420e-4436-b5a3-91d56355890c,0.4988937311431445,0.039332937156440345,50.0
c69dfa65-321b-4a1b-ab51-ad3afda77e77,0.4971058218795396,0.031496062992125984,0.0
c6b687b1-e9ef-45fd-a2d9-237349640a21,0.5702313107609789,0.06914433880726016,0.0
c6d477af-45de-4d68-8972-0d82e15e125c,0.652796960554252,0.04183190970103722,0.0
c7037880-74ef-4bef-98ca-f288ba873a23,0.6042060565426305,0.09070294784580499,100.0
c72d858a-d9db-4421-8eea-8949871e4f3c,0.23223153424963688,0.02684563758389262,0.0
c732888f-8fc1-48b5-bdb8-095cd1b23380,0.3598077997541625,0.04716981132075471,100.0
c73dc304-91f3-4e0b-8c33-3120abc61825,0.7506760531903007,0.02684563758389262,0.0
c763684f-0ab9-40ba-826a-c0c3ddd8d669,0.6830573248407644,0.03921568627450981,0.0
c882503a-9606-4eaf-a50a-158e2548bf90,0.7684210526315789,0.057845263919016635,0.0
c8948591-0923-4215-af0f-75ef2095cbf9,0.33731590121801325,0.1663893510815308,0.0
c8dbda7c-cf70-4a72-af62-c8151bb5cbd6,0.2691518605430775,0.04972650422675286,0.0
c989bc22-f63e-4398-b174-0fd4b9645d99,0.6533333333333333,0.05649717514124294,0.0
c99a0b9d-e6b0-477b-9a97-329bf8cc9d55,0.5249256900212315,0.11976047904191618,0.0
c9f138bf-6e09-48e9-abe0-d551f0fb38dc,0.9649122807017545,0.057142857142857134,100.0
ca13026a-227f-4ccd-8fbc-21e8968072f2,0.6856900212314225,0.09729550847811998,33.33333333333333
ca35ae97-8f2b-4508-8085-a9363b9a6994,0.7902916526986257,0.04188702071888188,100.0
ca9a8e9f-8921-426c-94fd-5ca79aeae94d,0.5153514359146273,0.1095890410958904,0.0
cabf2d10-1f4d-4691-94ec-120e6dca67cd,0.4340909598837859,0.025364616360177557,0.0
cae3dedf-10ab-4f48-98f3-0ec4a784b00a,0.7418706000670465,0.03921568627450981,0.0
cb54f69f-b9e7-4281-9cff-49d7b5ebe3c5,0.40647223153424966,0.021310602024507193,0.0
cb8450fe-aab0-4b3f-b4f7-dc6044d1b25b,0.19344284277572915,0.08130081300813008,0.0
cb9f8864-7566-4267-8305-e535f072a9f8,0.6313375796178344,0.020070245860511794,0.0
cbba6812-7d31-4692-af3a-ab7bd212242d,0.7653816068834507,0.06379585326953749,100.0
cbe231d7-e6d3-4977-b064-d8b17e56b690,0.650280478265728,0.04950495049504951,0.0
cbff6165-3365-4dd8-8442-660cf6585f94,0.536900212314225,0.019860973187686197,100.0
cc38c612-db29-49a7-97f7-c6bd6b977f54,0.26366744887696947,0.05681818181818182,0.0
cc68757a-6e03-4191-a511-11321a70b280,0.7295429656944911,0.15094339622641512,0.0
cc6e6787-0b2f-4988-a5da-58323e99a563,0.5018929489328416,0.09302325581395349,0.0
cc7dc7f3-d430-46ae-9c0a-c2fdf06beade,0.46077997541624766,0.04132231404958678,0.0
ccc860bc-47bb-47da-96b9-cd3efea45068,0.618728349536261,0.07331378299120234,0.0
ccd1ed2a-bccd-4d3f-9de5-948bee3ed300,0.6012202480724105,0.05681818181818182,0.0
cd4f305e-1ebe-4867-8b17-f894a14178ce,0.8456185048608784,0.05141388174807198,0.0
cd5632fc-5d55-47dc-9e50-0b8ebcdf7232,0.6756240920773271,0.032258064516129024,0.0
cdb2f6e8-f785-4af1-8638-6b75b40612df,0.44820650351994634,0.05070351982435407,33.33333333333333
cde20d3b-afbc-4869-8c8a-5ddfee35afb2,0.6101016873393676,0.023282887077997673,0.0
cdfee1ec-1664-4ed3-bfe8-26c7b75bb056,0.6091675047491341,0.09302325581395349,0.0
ceb04c10-0488-4eb7-867b-070aeeb24bca,0.24511789026706896,0.057845263919016635,0.0
ceedb8be-92ac-462a-8850-c9721c473a0b,0.6793071851603532,0.019860973187686197,0.0
cef4528c-cc88-4375-8783-ab07e08ec034,0.6679405520169852,0.028943560057887115,100.0
cef95fe1-81b4-4022-abb1-9c10e27d3dfe,0.732493015979439,0.08130081300813008,100.0
cf8398c7-e449-4dc2-9f6e-f11d32f596a6,0.8090959883785898,0.023282887077997673,0.0
cfa41b92-cacb-4143-b0fa-2b76ce750545,0.7047267851156553,0.09208103130755065,0.0
d023537b-aef1-4fbe-adff-ae4bc34f14e7,0.4708727232092972,0.04950495049504951,0.0
d087cf0f-4b31-4c40-98c7-72f4b7cbfec9,0.8325265392781317,0.1081081081081081,0.0
d09504c3-a160-4ee5-a6f7-5f7b2b95d9d4,0.8035087719298246,0.04716981132075471,0.0
d155ebce-a07e-43e8-b178-9e645db4ae1a,0.4971058218795396,0.11188811188811187,0.0
d1782a80-c2a9-4fd7-bc73-821d383da380,0.6277125935858756,0.1095890410958904,100.0
d196a568-cc92-48bb-b3b0-14de32ca8625,0.46184378142809257,0.06031363088057902,0.0
d204815f-2d0d-4da9-b59c-af99b5302e7e,0.2771125265392781,0.03303055326176714,0.0
d21bfda8-dd13-42db-8a98-b90538014adc,0.488796513576936,0.03303055326176714,0.0
d22400e7-bf62-4aa5-8eea-188b0222ab98,0.6842105263157895,0.06379585326953749,0.0
d28f7b29-cbd6-4493-b6da-3ab72ca12e94,0.46377919320594485,0.09070294784580499,100.0
d2cebd04-1c61-4ecc-87f4-ccdf2973e5c2,0.352258352888591,0.03755868544600939,0.0
d37fea5a-01d0-4207-925b-1cc1bd944335,0.7846150407866801,0.09070294784580499,0.0
d3c0255b-4cd6-4cc8-82f1-e3973248e9de,0.6985584981562185,0.00630715862503942,100.0
d3ee81ab-5a96-4fbc-bd03-df8a0f619f54,0.16931053749022237,0.11188811188811187,0.0
d4381707-fd66-49fd-a851-e1252dd950ab,0.5799441278355124,0.054570259208731244,0.0
d4b2ed1d-1f4b-4e6d-9c8c-7e746a50dd06,0.5910157559503855,0.060836501901140684,0.0
d4dae25d-7d32-4b89-962c-5c618f4dee0e,0.6743859649122808,0.05649717514124294,0.0
d5114aea-3c46-466e-a8ed-c7de5dd01ff1,0.5122583528885909,0.04278074866310161,0.0
d559e1e4-0199-4558-b301-ffe6be3bafb3,0.47811375572689685,0.006673340006673341,0.0
d5a10081-b9c1-49ef-87c6-0738b445e99a,0.46636272209185387,0.05952380952380953,100.0
d5c86c24-b7a4-4ca0-afe5-f897ccf5a671,0.35072969046820873,0.078125,0.0
d5eb3d5d-e369-4338-bedb-073c29dfbc2b,0.6930204492122026,0.11188811188811187,0.0
d64e2fdf-3807-4963-83d1-22c29e28c681,0.6890825790591127,0.02346041055718475,0.0
d68ca9b3-018e-4c9d-a7b4-ad232171eaa3,0.529878198681417,0.006673340006673341,0.0
d6f98552-a720-4811-b4b6-899fdd89f207,0.6879338473572467,0.20100502512562812,0.0
d6fafe41-f430-4a12-97b7-0683d17fd2a9,0.5444943569113868,0.05243838489774515,0.0
d72a49f0-7e1a-40c8-8cea-84a40d0805fe,0.7136305732484077,0.04278074866310161,0.0
d745ed77-22dc-4d58-a8f1-772465fbb04d,0.5460096100122919,0.021310602024507193,0.0
d795b5b7-bb19-4d53-997b-09471f52b769,0.4650307296904682,0.06014651420539022,50.0
d7fa90c8-a589-4e17-9262-bc6989938262,0.562194658621075,0.04566210045662101,0.0
d813c87c-0f5f-475e-a6e2-9bd3c74627ad,0.6523991507431,0.021310602024507193,0.0
d89844ff-d52e-4f7a-a6dc-f18648e003a5,0.46672477371773385,0.08915304606240713,0.0
d8bd9822-defb-48f6-8fcf-3e01e47a9b47,0.49326181696278915,0.05243838489774515,0.0
d92a76df-0052-49e0-9e45-a535f0a8217c,0.33315454240697284,0.02479851208927464,0.0
d95552a1-232a-4092-866a-5a44c326a9db,0.4947815398368533,0.011792452830188678,0.0
d98fce66-705b-4ebb-957c-bbc661fef525,0.7778075762655046,0.05698153867490252,50.0
d992933b-a52a-4619-b5c4-9283bb079b1f,0.33947033188065706,0.20100502512562812,0.0
d992ee7c-a1d6-4ac0-9716-e2183a51b0a8,0.4870175438596492,0.060836501901140684,0.0
d9ec862c-06ee-44c7-a191-471a968121e6,0.8472767907028719,0.02684563758389262,0.0
da227f47-d15e-4921-b750-dd5cf6f0b7ab,0.8078042239356353,0.03303055326176714,0.0
db3c5bfd-6254-416e-a7d0-6cfa81093a4e,0.7063359034528998,0.04160166406656266,0.0
db9ffbf1-ca77-4728-8745-608a7cbed2da,0.6125600625768242,0.09302325581395349,0.0
dc4df04f-06c1-4117-b1dc-9489d556732c,1.0,0.05044136191677176,0.0
dc623eb2-524a-41c9-a236-88b4254822ef,0.5543278578612136,0.09900990099009901,0.0
dc835da0-3e16-449d-810c-6ea06a1d5862,0.606579506090066,0.09900990099009901,0.0
dc8f11d0-4e4b-414d-863f-c8bbbe8ed302,0.7100905129064701,0.057142857142857134,0.0
dd2dd321-c368-4e5c-82c9-37f36fc170b3,0.6540887249972065,0.054570259208731244,0.0
dd4ece98-9cad-48b9-8de5-c28e4c1bf830,0.4219376466644318,0.031585257573958136,100.0
ddfc9764-50d4-47b2-9576-e8da2a10b8fc,0.6636585093306515,0.060836501901140684,0.0
ddfe82dd-76fc-4763-98b5-14ad998c906d,0.45286400715163705,0.08281573498964803,0.0
de5d039b-2a7d-4d92-bb7a-b2e710e1e3e7,0.5092278466867807,0.020070245860511794,100.0
de6809bd-c2ff-4399-aee0-43424951b59a,0.6965917979662533,0.12376237623762376,0.0
de91a7d3-3ca9-4520-b2a3-29357fa2f035,0.31978992066152645,0.02699055330634278,0.0
dec34976-2cde-4855-9b7b-090cd0a766b1,0.371371102916527,0.03262642740619902,0.0
df7f4e71-651e-4c6b-8ae7-7368ff05e7b1,0.777230975527992,0.02479851208927464,0.0
dfb8f9c1-f0c9-4735-8663-be4014fa77a8,0.4775729131746564,0.0590874179583857,50.0
dfbece67-cb30-4723-8d9a-177510f91bb2,0.744561403508772,0.04132231404958678,0.0
dfda7518-9a7a-489f-b386-218e7e3cce66,0.5650642529891609,0.021310602024507193,0.0
dffcaedc-db01-4adc-857b-1287b244e1c3,0.6988266845457594,0.07331378299120234,0.0
e05052cd-288e-4941-8742-53516cca85dd,0.4282891943233881,0.10582010582010583,0.0
e060c816-e8aa-4109-a82c-4eb4ea8d5d54,0.5462777964018326,0.05016722408026756,0.0
e09dfa92-1178-4933-99a6-ff63fb3d0fc2,0.5818616605207286,0.04160166406656266,0.0
e0baf1f7-0619-4175-83e6-25fde42105f4,0.23751033635043023,0.03303055326176714,0.0
e0c0accf-8ef4-42fa-a773-4a89d57bda9e,0.9736730360934183,0.08744838314859935,100.0
e0c8cbac-3663-4e41-a5b9-52c0159f91f3,0.6698178567437703,0.0505369551484523,0.0
e0d6ac61-854b-476d-99cd-f81617ff3636,0.4233947927142697,0.09302325581395349,0.0
e1042272-b569-4497-a857-5a8b623a6b99,0.6084970387752822,0.05243838489774515,100.0
e1694440-75fb-4a18-a41a-7a5a2dbf7259,0.28953402614817303,0.0585732302584861,50.0
e19422a9-62ec-44dd-b4aa-2360510c255f,0.875923566878981,0.029239766081871347,0.0
e1b62bbf-4818-4ed8-884d-8bddea23e5ae,0.5366275561515252,0.04972650422675286,0.0
e1bab7d4-486e-4ed7-8a42-4f97e1a60f8f,0.45635936976198466,0.08486562942008487,0.0
e1bc16a4-6e22-4dcb-99d1-6d3901472a0d,0.31877081238127164,0.1663893510815308,0.0
e1c4b653-a210-4526-80bd-2eebefec9939,0.6178031064923455,0.11976047904191618,0.0
e245a20f-a382-4ecc-ba8f-b46fb63f3080,0.31953514359146273,0.09302325581395349,0.0
e26a1597-a596-4ac7-8227-4414eaf427fd,0.672687451111856,0.07375544424785004,0.0
e2d7d5e7-c9a3-49e3-b85c-4768f45d7ace,0.7073281930942005,0.02684563758389262,0.0
e30d2072-19c6-4eb8-821a-b6871f5470c2,0.7672142138786457,0.04716981132075471,0.0
e30fb300-c4f0-44c8-9e2b-1a2dab1777b9,0.5747144932394681,0.04950495049504951,0.0
e323c963-f318-4040-a110-eba7c5ec9777,0.7143859649122808,0.05681818181818182,0.0
e3440cff-fa21-474e-96ca-5de9cbefb62d,0.6852832718739524,0.06796730531400202,50.0
e3670b29-4cf4-4ba3-b3f6-c2abf0d2a135,0.8079472566767236,0.029239766081871347,100.0
e390808a-c983-46a9-bf5f-4b390ba89cf2,0.37428539501620295,0.08281573498964803,100.0
e3c775f0-dc42-4cc6-9953-b62cd3780fd0,0.2814973740082691,0.12376237623762376,0.0
e3f7d745-23d6-4d0a-a243-87ba58b5e4d2,0.7361626997429882,0.08130081300813008,0.0
e44f34fa-0668-4604-99dc-92a0281d0422,0.566610794502179,0.023282887077997673,0.0
e48055c4-29c2-446b-9387-f304f182c184,0.282565649793273,0.021310602024507193,0.0
e496460c-2ca0-4972-b907-1bc26579a2a8,0.37929154095429657,0.1081081081081081,0.0
e534b294-40ea-4ac2-b7c3-29706299ba69,0.45259582076209637,0.021310602024507193,0.0
e54e962e-d1e8-443a-9f81-31abaa03a63c,0.5726449882668454,0.04950495049504951,0.0
e5514703-a3c1-4aa7-b177-34537aafa8ae,0.3413968041121913,0.06697923643670463,0.0
e60a0dc5-1329-46c3-ae48-5edcf9b61548,0.416882333221589,0.025364616360177557,0.0
e60b77a8-8382-4b1e-b1ad-f1f99a960aa8,0.38410995641971174,0.1095890410958904,0.0
e629ddb6-467e-4a6c-a0ff-e04c72ace0f0,0.5942518717175104,0.09900990099009901,0.0
e699ec39-cb14-4fed-80d7-d99745921d32,0.6249994412783553,0.019860973187686197,100.0
e6c61d9e-7556-4236-8472-cf547a05118f,0.7951100681640407,0.05016722408026756,0.0
e6fa483e-8e43-4e34-828f-1d0d25c3989d,0.6419845792826016,0.05243838489774515,100.0
e710c31b-caf4-4860-ae3f-1b4e987922d9,0.6685260923008157,0.08281573498964803,0.0
e79196f3-6bd7-4128-8a02-7859e54d94f3,0.7394166946027491,0.049178679381970535,60.0
e7d8f6d1-678d-4970-95e1-6f2b7f0b6f69,0.5969784333445078,0.04972650422675286,0.0
e80dbd6e-8d69-4895-9f24-227d59cada17,0.8048541736506873,0.060024009603841535,0.0
e812b38f-1a08-4627-abfe-0f7f8c94ec7d,0.5990166499050174,0.04514672686230249,100.0
e81d8bd0-0d61-46e9-b077-9014297c4101,0.45008827801989054,0.057845263919016635,100.0
e8553b40-9f5a-4f5b-9165-62b94d83e368,0.5703654039557493,0.054570259208731244,0.0
e855e5e5-ed54-46c0-85fc-3810023bc440,0.983099787685775,0.05044136191677176,0.0
e885ccb4-3f49-4a9e-9af5-7a54b5728b97,0.6877908146161583,0.03921568627450981,0.0
e8cbf2a1-9a48-4f52-9297-74362054e778,0.8581740976645436,0.06697923643670463,0.0
e8d63d69-53a2-4698-a9c3-d3505ad1be0d,0.6219108280254777,0.04132231404958678,0.0
e8fe1f42-5096-46ca-ae22-7a8048b8eea5,0.6659738518270197,0.05681818181818182,0.0
e900ca7a-f1a3-409d-995b-8f4dadf1e140,0.594502179014415,0.08486562942008487,0.0
e9278a41-a6f0-4a5f-85fc-eeb5112ccf0a,0.6423734495474356,0.05655042412818097,100.0
e95e622f-21d7-4574-9b36-5c7130374148,0.7360196670018998,0.12376237623762376,0.0
ea19706d-a85b-41b0-9c12-3c8d76b79f91,0.6842641635936977,0.10638297872340426,0.0
ea5d1cc7-b42c-47c6-9165-17ac735e1abe,0.3587708123812717,0.05681818181818182,0.0
eabea73f-c7e8-4d6e-a582-c37d3f7c2501,0.4674265281036988,0.02479851208927464,0.0
eafe4b75-4f31-4ae1-b849-ec89eaa19459,0.5091831489551906,0.05865102639296187,0.0
eb2d6913-4e3e-478c-bfb4-59be53d63dbf,0.5487048832271763,0.023282887077997673,100.0
eb56db37-7d67-4f26-9f13-4b86fbde0bd0,0.7387819868141692,0.010438413361169102,0.0
ebce449b-a535-4fc5-9a33-fe780d0f2d51,0.5281439266957202,0.09208103130755065,0.0
ec0fa723-5f82-4f17-8b88-66d28391d3ff,0.7604201586769472,0.09302325581395349,0.0
ec24a03a-c2c4-451f-bb00-ccad4d69371b,0.5052542183484188,0.029239766081871347,0.0
ecb3f37a-b4cd-4849-a73f-e1037b0d0354,0.19465415130182145,0.05655042412818097,0.0
ecdfc9ba-a1ed-409a-8947-d48d19d3678a,0.7429567549446867,0.09448818897637795,100.0
ece1b40e-8a4a-4191-9df3-f15ee9eb5b98,0.3294535702313107,0.03300330033003301,0.0
ecf726fc-5054-453e-bf89-bc35b04e679b,0.5609386523633926,0.03921568627450981,100.0
ed1d2ab9-bfa2-49a6-a900-3528141ecd9a,0.5455224047379595,0.09070294784580499,0.0
ed3feaa8-8e29-4f60-a885-5f3f7fd97c57,0.5804358028830037,0.09448818897637795,0.0
edabc11a-cddd-43d3-8117-2a552b207b35,0.5963884232875182,0.1081081081081081,0.0
eea1e6d6-abfe-4167-8bdb-92d379d1aed8,0.6279360822438261,0.05044136191677176,0.0
eedad0f0-4eac-4dfb-8488-af4572aa6c17,0.5002793608224383,0.04716981132075471,100.0
ef61aea3-1af5-4bad-b0e3-3f3a471d7043,0.7769270309531793,0.006673340006673341,100.0
efe24e85-9f89-43e8-8f5c-15e1d033a6c6,0.7338697061124149,0.07331378299120234,0.0
eff42495-4c05-46ba-a0da-eaf4a03ca18d,0.36682534361381164,0.054570259208731244,0.0
f03dd8ac-b54c-4b2c-9cf0-4b587364bdca,0.7286847692479606,0.08058017727639001,0.0
f08677cc-60d3-41d8-98e3-5a293698183d,0.6674578165158118,0.04132231404958678,0.0
f08d3f5e-dd5c-48b9-856a-48aaa1f27d33,0.58199128394234,0.15094339622641512,0.0
f08da3c6-1ebe-4e3b-bd2e-15a579f88a40,0.257986367191865,0.025364616360177557,0.0
f0b3915e-c2d0-469c-8ac4-e58ce0df3a55,0.8800000000000001,0.05649717514124294,0.0
f144ebbf-8ae9-4d0c-b303-a26f2e84c840,0.6408984244049615,0.20100502512562812,0.0
f160e933-2c24-44ed-9355-bfcd10bdea43,0.4909554140127389,0.04716981132075471,0.0
f1670d25-ed1f-4d8f-a939-4b6813a2d014,0.6857302491898536,0.08130081300813008,0.0
f1711614-b648-4337-9a0b-e9517744767f,0.35849815621857195,0.038416551618346374,50.0
f1833874-a54d-4f91-8a92-c2953f58d988,0.4890200022348866,0.0586940572267058,0.0
f1891ed0-8411-4162-8e87-c1b9f32c6a2e,0.3346027489104928,0.021310602024507193,0.0
f25a888a-7429-4ffa-8e7f-90abda2a2f8c,0.4391373337803107,0.05959475566150178,0.0
f26e0fb1-149c-435c-a2bb-55e19f1191e0,0.7083651804670914,0.05649717514124294,0.0
f2b6f95b-6071-447d-9bd0-a7263223e0e0,1.0,0.09302325581395349,0.0
f2e15c5d-376f-4db3-b582-ef0b1fa07f8a,0.47020672700860433,0.060024009603841535,0.0
f312b637-d0c6-4967-bef2-00cf5238efa1,0.39784556933735615,0.04972650422675286,0.0
f35bbf3e-8ce4-45a9-af62-4018e2a24b83,0.4733266286735948,0.09302325581395349,100.0
f4a4e25c-9fde-44b4-886c-b723b5244cf9,0.6591440384400492,0.02479851208927464,0.0
f4c874af-4604-4f90-ba4f-4de8869fcd79,0.2607620963236116,0.07331378299120234,100.0
f4e351ef-7075-41dc-ab92-46b3ff561476,0.5435512347748352,0.08486562942008487,100.0
f57d611c-f0e2-450c-99a2-69f213f46dd7,0.716263269639066,0.09448818897637795,0.0
f5846644-8b9a-41eb-8e9a-153909c94d98,0.4624784892166723,0.078125,0.0
f5858b8e-e9c8-41d2-9d80-5d2c23b29bc3,0.35564197116996316,0.056818181818181816,0.0
f5b2b6cb-972d-463d-995f-1dd552a1f66a,0.6691116325846463,0.04716981132075471,0.0
f5bd09e9-0bbd-4672-b4fa-5b2d4c12d47c,0.5604872052743324,0.11976047904191618,0.0
f5e808b1-3484-4715-af8d-46f485c6a464,0.6970074868700413,0.025364616360177557,0.0
f5ed2c3e-3f1f-422c-a18d-30abd813a5f4,0.20734830707341603,0.03857280617164899,0.0
f64494e3-0521-44fb-889e-d1db9f7d1080,0.3971751033635043,0.1663893510815308,0.0
f6488294-3ba0-4412-8faa-c58abd789892,0.4632338808805453,0.05952380952380953,0.0
f68f136b-e241-406c-9c32-fe4764e1ef0d,0.45858978656833166,0.04950495049504951,0.0
f69557e4-4e5f-471e-900a-d9eb6ed99472,0.7175639736283385,0.08486562942008487,100.0
f6a65a67-71ee-4e13-bc63-d7c6970c8c13,0.3807308079114985,0.060836501901140684,0.0
f6bea027-1bed-4fde-b028-5542e7154729,0.23202145491116327,0.057845263919016635,0.0
f6cad52f-5dda-4aaf-95c3-a26010de879d,0.754837412001341,0.05959475566150178,0.0
f6ea96c0-5a14-45d9-9026-a04a4a99936c,0.5543814951391217,0.02684563758389262,100.0
f78019b8-9778-43db-a180-b846d5969947,0.5904838529444632,0.04132231404958678,100.0
f7b73ea2-7ffa-47d2-9059-ec260c309816,0.4203732260587776,0.09900990099009901,0.0
f7b7b1bb-4ee2-405d-9f62-557b818d7abb,0.7192982456140351,0.078125,100.0
f7c2f138-4518-4354-b85c-d7ee85b44f15,0.5840116214102136,0.054570259208731244,0.0
f8325d7b-927a-40c7-ae0e-1db171d16ceb,0.32988713822773497,0.02684563758389262,0.0
f992f77e-d407-46e8-8e35-0e889adf9149,0.4074600514023914,0.03300330033003301,100.0
f994ff6a-697f-42fd-ac6a-b4b848914731,0.262357805341379,0.03921568627450981,100.0
fa197fc1-9c83-4961-960f-50cc76ebc2a3,0.47824337914850823,0.028943560057887115,0.0
fa249e68-37c7-4ebe-a92a-8003409001db,0.6225723544530115,0.05649717514124294,0.0
fa260b8f-65b9-4812-b06d-6cb8129807ca,0.3265526874511119,0.05243838489774515,0.0
fa699a12-320d-455e-a2d7-c358e5b4f748,0.672280701754386,0.09445100354191266,0.0
fb12bda2-1c91-4a90-bb25-03f379b67568,0.956687898089172,0.20100502512562812,0.0
fb30f0e0-1be7-4116-b735-a8aae4b0ae3b,0.3610503966923679,0.09208103130755065,0.0
fb4b88ae-539e-42e0-99cc-e58acb46ecdc,0.5605363727790815,0.078125,0.0
fb4fda99-5b87-4859-babd-a854699ef65f,0.44838529444630687,0.04514672686230249,0.0
fb7322d4-b1a9-46c3-96ae-1ccd82a3a7b4,0.5448876969493799,0.06379585326953749,100.0
fb9403b5-39e4-49b3-94ce-354395dabc88,0.47292881886244276,0.03921568627450981,0.0
fbc5eeb1-89a9-445e-8dac-e9c9750cb69d,0.1720728573024919,0.10896131633155987,100.0
fbee53d1-71af-407e-a67c-5697ab71a01e,0.3872879651357694,0.06697923643670463,0.0
fc04cd59-0b3c-46e6-8a5e-cc3e9f38a148,0.6057347189630127,0.05243838489774515,0.0
fc322670-7473-4d32-a9d2-5d9ae1d0cf0c,0.7812046038663538,0.08130081300813008,0.0
fc6f42bd-6c0c-4fb0-9114-96acd778be98,0.6825120125153649,0.03857280617164899,0.0
fcbb6618-e1db-4ad8-b61f-08fcc1b2ecf8,0.757027600849257,0.025364616360177557,0.0
fcc4229b-f615-4a1b-9b48-4a67fb7452ee,0.8643423846239804,0.03262642740619902,0.0
fcdb0329-dec9-4cb4-9f0a-09d907492e51,0.2440809028941781,0.04514672686230249,0.0
fd57cd0d-9eeb-4454-8788-75f85da50b5c,0.09546988490334116,0.07331378299120234,0.0
fd73c64c-1f05-4a45-8d87-34cbe013821d,0.7432115320147503,0.03303055326176714,0.0
fdacf4e5-7ae1-468e-b68f-ed26fdae8883,0.37277014191529784,0.12376237623762376,0.0
fdb2309d-a7ea-435d-9119-99cd57c82f24,0.7115789473684211,0.03303055326176714,0.0
fdd0da59-3d01-4764-ad84-9da7962f5189,0.7444720080455918,0.04716981132075471,0.0
fe4978be-e2c8-4c60-b264-247660ee4b96,0.5282243826125824,0.11667570866675708,0.0
fec3d61b-cae6-4641-9825-9068c3330e69,0.5541445971616941,0.02684563758389262,0.0
feeb735d-03b7-409b-b833-61a9b0de8d28,0.5410436920326294,0.08281573498964803,0.0
ff144664-66ca-4dce-b093-5a9919726ef4,0.4413677505866577,0.12376237623762376,0.0
ff2b1f20-bd45-45a0-9f6f-8d1a3407bdad,0.6968152866242039,0.03992015968063872,0.0
ff31b96b-08cd-4591-8ae8-d57f4d96ac28,0.3347681305173763,0.10582010582010583,0.0
ff439afd-f2d6-4391-b8f9-cc2e1768ce35,0.6701754385964913,0.12376237623762376,0.0
ff7553d8-ac8a-481c-8f25-6f6e724ea7ec,0.55629008827802,0.15094339622641512,100.0
ffbb3e47-0812-42f8-b1dc-211a31a5c46a,0.46782880768800983,0.04434589800443459,0.0
ffc8f5c4-1aee-4508-b88d-d762511976e9,0.357063359034529,0.04514672686230249,0.0
